smiles,activity,ROMol,scaffold
Cc1cnc(C(=O)NCCc2ccc(S(=O)(=O)NC(=O)NC3CCCCC3)cc2)cn1,0.350248018334,<rdkit.Chem.rdchem.Mol object at 0x7f472931bbc0>,O=C(NC1CCCCC1)NS(=O)(=O)c1ccc(CCNC(=O)c2cnccn2)cc1
CC(C)[C@@](C)(O)[C@@H]1CN(c2nc(-c3[nH]nc4ncccc34)c(F)cc2Cl)CCN1,0.622421273976,<rdkit.Chem.rdchem.Mol object at 0x7f472931bca0>,c1cc(-c2[nH]nc3ncccc23)nc(N2CCNCC2)c1
CC(C)(C)NC(=O)NCCN1CCC(CNC(=O)c2cc(Cl)cc(Cl)c2)C1,1.14457420761,<rdkit.Chem.rdchem.Mol object at 0x7f472931bb50>,O=C(NCC1CCNC1)c1ccccc1
Cc1ccc(OCC(O)C(C)NC(C)C)c2c1CCC2,1.33425264233,<rdkit.Chem.rdchem.Mol object at 0x7f472931bae0>,c1ccc2c(c1)CCC2
O=C(Nc1cccnc1)c1ccnc(NC(=O)C2CC2)c1,1.61528706275,<rdkit.Chem.rdchem.Mol object at 0x7f472931ba70>,O=C(Nc1cccnc1)c1ccnc(NC(=O)C2CC2)c1
Cc1cc(F)ccc1C1C(=O)NCCN1C(=O)c1ccc2nccn2c1,1.95072499416,<rdkit.Chem.rdchem.Mol object at 0x7f472931ba00>,O=C1NCCN(C(=O)c2ccc3nccn3c2)C1c1ccccc1
Cc1cc(C)c(C)c(Cn2ccc3c(/C=N/NC(=O)c4ccc(O)c(C#N)c4)cccc32)c1C,-0.49485002168,<rdkit.Chem.rdchem.Mol object at 0x7f472931b920>,O=C(NN=Cc1cccc2c1ccn2Cc1ccccc1)c1ccccc1
Cc1cccc2cc(CN(Cc3ccco3)C(=O)Nc3cccc(C#N)c3)c(Cl)nc12,-1.04575749056,<rdkit.Chem.rdchem.Mol object at 0x7f472931b8b0>,O=C(Nc1ccccc1)N(Cc1cnc2ccccc2c1)Cc1ccco1
CSc1ccc2c(c1)N(CCC1CCCCN1C)c1ccccc1S2,-0.154901959986,<rdkit.Chem.rdchem.Mol object at 0x7f472931b840>,c1ccc2c(c1)Sc1ccccc1N2CCC1CCCCN1
Cc1onc(-c2c(Cl)cccc2Cl)c1NC(=O)OCc1c(F)cccc1Cl,-0.52287874528,<rdkit.Chem.rdchem.Mol object at 0x7f472931b7d0>,O=C(Nc1conc1-c1ccccc1)OCc1ccccc1
CN(C)C(=O)C(CCN1CCC(O)(c2ccc(Cl)cc2)CC1)(c1ccccc1)c1ccccc1,0.735598899698,<rdkit.Chem.rdchem.Mol object at 0x7f472931b680>,c1ccc(C2CCN(CCC(c3ccccc3)c3ccccc3)CC2)cc1
Cc1ccc(S(=O)(=O)Nc2ccc3nc(C)sc3c2)cc1,-0.275724130399,<rdkit.Chem.rdchem.Mol object at 0x7f472931b5a0>,O=S(=O)(Nc1ccc2ncsc2c1)c1ccccc1
CCC(CC)NC(=O)c1cnn(-c2ccccc2)c1NS(=O)(=O)C1CCCC1,-0.677780705266,<rdkit.Chem.rdchem.Mol object at 0x7f472931b530>,O=S(=O)(Nc1ccnn1-c1ccccc1)C1CCCC1
NC(=O)c1cnc(N[C@H]2CCCNC2)c2cc(-c3ccccc3)sc12,1.34986008219,<rdkit.Chem.rdchem.Mol object at 0x7f472931b4c0>,c1ccc(-c2cc3c(NC4CCCNC4)nccc3s2)cc1
CN(C(=O)Cc1ccc(-n2cnnn2)cc1)C1CCN(Cc2ccc(C(F)(F)F)cc2)CC1,0.782472624166,<rdkit.Chem.rdchem.Mol object at 0x7f472931b450>,O=C(Cc1ccc(-n2cnnn2)cc1)NC1CCN(Cc2ccccc2)CC1
COC(=O)C1=C(C)N=C(C)C(C(=O)OCCN(C)Cc2ccccc2)C1c1cccc([N+](=O)[O-])c1,-0.408935392974,<rdkit.Chem.rdchem.Mol object at 0x7f472931b3e0>,O=C(OCCNCc1ccccc1)C1C=NC=CC1c1ccccc1
O=c1cc(N2CCOCC2)nc2n(Cc3cccc4ccccc34)ccn12,0.67851837904,<rdkit.Chem.rdchem.Mol object at 0x7f472931b300>,O=c1cc(N2CCOCC2)nc2n(Cc3cccc4ccccc34)ccn12
C[C@H]([C@H](O)c1ccc(O)cc1)N1CCC(O)(c2ccccc2)CC1,1.78368923635,<rdkit.Chem.rdchem.Mol object at 0x7f472931b290>,c1ccc(CCN2CCC(c3ccccc3)CC2)cc1
Cc1ccc(S(=O)(=O)Nc2c(C(=O)N[C@@H](C)C(C)(C)C)c(C(F)(F)F)nn2-c2ccccc2)cc1,-0.0132282657338,<rdkit.Chem.rdchem.Mol object at 0x7f472931b220>,O=S(=O)(Nc1ccnn1-c1ccccc1)c1ccccc1
Cc1cc(Nc2cnc(C#N)c(N[C@@H](C)c3ccc(F)cn3)n2)[nH]n1,1.20411998266,<rdkit.Chem.rdchem.Mol object at 0x7f472931b140>,c1ccc(CNc2cncc(Nc3ccn[nH]3)n2)nc1
Cc1nc2ccc(NS(=O)(=O)c3ccc(C)c(C)c3)cc2s1,-0.619788758288,<rdkit.Chem.rdchem.Mol object at 0x7f472931b0d0>,O=S(=O)(Nc1ccc2ncsc2c1)c1ccccc1
CC(=O)N1CCN(c2nc3c(c(N(C)Cc4cc5ccccc5cn4)n2)CN(C(C)C)C3=O)CC1,1.5301996982,<rdkit.Chem.rdchem.Mol object at 0x7f472931aff0>,O=C1NCc2c(NCc3cc4ccccc4cn3)nc(N3CCNCC3)nc21
Cc1cccnc1Nc1cccc(C2CCCN(CC(=O)Nc3nccs3)C2)n1,0.637289547678,<rdkit.Chem.rdchem.Mol object at 0x7f472931af80>,O=C(CN1CCCC(c2cccc(Nc3ccccn3)n2)C1)Nc1nccs1
CN(C)C(=O)C(O)C(Cc1ccccc1)NC(=O)c1cc2cc(Cl)ccc2[nH]1,0.428134794029,<rdkit.Chem.rdchem.Mol object at 0x7f472931af10>,O=C(NCCc1ccccc1)c1cc2ccccc2[nH]1
Nc1[nH]ncc1-c1cc(Cl)ccc1Oc1cc(F)c(S(=O)(=O)Nc2cscn2)cc1Cl,-0.0824944904475,<rdkit.Chem.rdchem.Mol object at 0x7f472931aea0>,O=S(=O)(Nc1cscn1)c1ccc(Oc2ccccc2-c2cn[nH]c2)cc1
NC(=O)C(CCC(F)(F)F)N(Cc1ccc(-c2ncon2)cc1F)S(=O)(=O)c1ccc(Cl)cc1,0.0755469613925,<rdkit.Chem.rdchem.Mol object at 0x7f472931adc0>,O=S(=O)(NCc1ccc(-c2ncon2)cc1)c1ccccc1
CCOCc1nc2c(N)nc3ccccc3c2n1CC(C)(C)O,1.75913881628,<rdkit.Chem.rdchem.Mol object at 0x7f472931ad50>,c1ccc2c(c1)ncc1nc[nH]c12
CCCc1nn(C)c2c(=O)[nH]c(-c3cc(S(=O)(=O)N4CCN(C)CC4)ccc3OCC)nc12,0.994756944588,<rdkit.Chem.rdchem.Mol object at 0x7f472931ace0>,O=c1[nH]c(-c2cccc(S(=O)(=O)N3CCNCC3)c2)nc2cn[nH]c12
CCC(CC)[C@@H](CO)NS(=O)(=O)c1ccc(Cl)s1,0.958563883222,<rdkit.Chem.rdchem.Mol object at 0x7f472931ac70>,c1ccsc1
CN(C)C(C)(C(=O)OC1CC[N+](C)(C)CC1)c1ccccc1,1.6571515019,<rdkit.Chem.rdchem.Mol object at 0x7f472931ac00>,O=C(Cc1ccccc1)OC1CC[NH2+]CC1
Cc1nn(C2CCOCC2)c(NS(=O)(=O)c2ccc(C3CC3)cc2)c1C(=O)N[C@@H](C)C(C)(C)C,1.03941411918,<rdkit.Chem.rdchem.Mol object at 0x7f472931a810>,O=S(=O)(Nc1ccnn1C1CCOCC1)c1ccc(C2CC2)cc1
O=C(O)COc1ccc(Cl)cc1CN1CCN(S(=O)(=O)c2ccc(F)cc2)CC1,0.949390006645,<rdkit.Chem.rdchem.Mol object at 0x7f472931a7a0>,O=S(=O)(c1ccccc1)N1CCN(Cc2ccccc2)CC1
CCc1c2c(nc3ccc(O)cc13)-c1cc3c(c(=O)n1C2)COC(=O)[C@]3(O)CC,0.976808337338,<rdkit.Chem.rdchem.Mol object at 0x7f472931a6c0>,O=C1Cc2cc3n(c(=O)c2CO1)Cc1cc2ccccc2nc1-3
C[C@H]1CN(Cc2cc(Cl)ccc2OCC(=O)O)CCN1C(=O)Cc1ccccc1,1.03941411918,<rdkit.Chem.rdchem.Mol object at 0x7f472931a650>,O=C(Cc1ccccc1)N1CCN(Cc2ccccc2)CC1
NC(=O)c1cnc(N[C@@H]2CCCC[C@@H]2N)nc1Nc1cccc(-n2nccn2)c1,0.912753303671,<rdkit.Chem.rdchem.Mol object at 0x7f472931a570>,c1cc(Nc2ccnc(NC3CCCCC3)n2)cc(-n2nccn2)c1
Cc1ncc2n1-c1ccc(Cl)cc1C(c1ccccc1F)=NC2,0.65991620007,<rdkit.Chem.rdchem.Mol object at 0x7f472931a500>,c1ccc(C2=NCc3cncn3-c3ccccc32)cc1
COc1ccc(CCN(C)CCCC(C#N)(c2ccc(OC)c(OC)c2)C(C)C)cc1OC,1.14457420761,<rdkit.Chem.rdchem.Mol object at 0x7f472931a3b0>,c1ccc(CCCCNCCc2ccccc2)cc1
CCS(=O)(=O)c1ccc(-c2cc(C(F)(F)F)ccc2OCC(=O)O)c(Cl)c1,0.495544337546,<rdkit.Chem.rdchem.Mol object at 0x7f472931a110>,c1ccc(-c2ccccc2)cc1
CN(c1ccccc1)S(=O)(=O)c1ccc(NC(=O)C(C)(O)C(F)(F)F)cc1,0.380211241712,<rdkit.Chem.rdchem.Mol object at 0x7f472931a030>,O=S(=O)(Nc1ccccc1)c1ccccc1
Cc1ccc(S(=O)(=O)Nc2c(C(=O)N[C@@H](C)C(C)(C)C)c(C)nn2C2CCOCC2)cc1,1.22089224922,<rdkit.Chem.rdchem.Mol object at 0x7f4729319f50>,O=S(=O)(Nc1ccnn1C1CCOCC1)c1ccccc1
Cc1cn([C@H]2CCCN([C@@H](CC(C)C)c3ccc(C(=O)O)c(Oc4cccc(Cl)c4)c3)C2)c(=O)[nH]c1=O,0.204119982656,<rdkit.Chem.rdchem.Mol object at 0x7f4729319ee0>,O=c1ccn(C2CCCN(Cc3cccc(Oc4ccccc4)c3)C2)c(=O)[nH]1
C[C@H]1C(=NC(=O)C(NOC(C)(C)C(=O)O)c2csc(N)n2)C(=O)N1S(=O)(=O)O,1.26221370548,<rdkit.Chem.rdchem.Mol object at 0x7f4729319e70>,O=C(Cc1cscn1)N=C1CNC1=O
Cc1cc(Oc2ncc(C(F)(F)F)cc2Cl)ccc1Cc1sc(=O)[nH]c1O,-0.677780705266,<rdkit.Chem.rdchem.Mol object at 0x7f4729319d90>,O=c1[nH]cc(Cc2ccc(Oc3ccccn3)cc2)s1
CCCNC(c1cccnc1)P(=O)(c1ccccc1)c1ccccc1,1.23754373814,<rdkit.Chem.rdchem.Mol object at 0x7f4729319d20>,O=P(Cc1cccnc1)(c1ccccc1)c1ccccc1
Cc1c(Cc2ccc3ccccc3n2)c2cc(F)ccc2n1CC(=O)O,-0.443697499233,<rdkit.Chem.rdchem.Mol object at 0x7f4729319cb0>,c1ccc2nc(Cc3c[nH]c4ccccc34)ccc2c1
Cc1nc(Nc2nccs2)cc(C2CN(c3ncccn3)C2)n1,0.374565060723,<rdkit.Chem.rdchem.Mol object at 0x7f4729319c40>,c1cnc(N2CC(c3cc(Nc4nccs4)ncn3)C2)nc1
C[C@H](CCc1ccccc1)NC[C@H](O)c1ccc(O)c(C(N)=O)c1,1.6585074498,<rdkit.Chem.rdchem.Mol object at 0x7f4729319bd0>,c1ccc(CCCNCCc2ccccc2)cc1
CC[C@H](CO)Nc1nc(NCc2ccccc2)c2ncn(C(C)C)c2n1,0.857332496431,<rdkit.Chem.rdchem.Mol object at 0x7f4729319b60>,c1ccc(CNc2ncnc3[nH]cnc23)cc1
CN(Cc1ccccc1)C1(C(=O)N2CCNC(=O)CC2)Cc2ccccc2C1,0.912806392661,<rdkit.Chem.rdchem.Mol object at 0x7f4729319af0>,O=C1CCN(C(=O)C2(NCc3ccccc3)Cc3ccccc3C2)CCN1
CC(=O)Nc1nc2c(Oc3cc(-c4ccc(C(F)(F)F)cc4)ncn3)cccc2s1,-0.698970004336,<rdkit.Chem.rdchem.Mol object at 0x7f4729319a80>,c1ccc(-c2cc(Oc3cccc4scnc34)ncn2)cc1
CC(C)(C)OC(=O)NC[C@H]1CC[C@H](CNC(=O)c2cc(-c3ccncc3)nc3ccccc23)CC1,0.301029995664,<rdkit.Chem.rdchem.Mol object at 0x7f4729319930>,O=C(NCC1CCCCC1)c1cc(-c2ccncc2)nc2ccccc12
Cc1cnc(C(=O)NCCc2ccc(S(=O)(=O)NC(=O)NC3CCCCC3)cc2)cn1,-0.204119982656,<rdkit.Chem.rdchem.Mol object at 0x7f47293198c0>,O=C(NC1CCCCC1)NS(=O)(=O)c1ccc(CCNC(=O)c2cnccn2)cc1
O=C(NC1CCNCC1)c1ccc2c[nH]nc2c1,1.70808081047,<rdkit.Chem.rdchem.Mol object at 0x7f4729319850>,O=C(NC1CCNCC1)c1ccc2c[nH]nc2c1
CCCCOc1nc(N)c2[nH]c(=O)n(Cc3cccc(CC(=O)O)c3)c2n1,0.698100545623,<rdkit.Chem.rdchem.Mol object at 0x7f47293197e0>,O=c1[nH]c2cncnc2n1Cc1ccccc1
CN1CC(n2nccc2-c2cc(Cl)ccc2Oc2cc(F)c(S(=O)(=O)Nc3ncns3)cc2F)C1,0.54406804435,<rdkit.Chem.rdchem.Mol object at 0x7f4729319690>,O=S(=O)(Nc1ncns1)c1ccc(Oc2ccccc2-c2ccnn2C2CNC2)cc1
CC(C)(/C=C(\C#N)C(=O)N1CCC[C@@H](n2nc(-c3ccc(Oc4ccccc4)cc3F)c3c(N)ncnc32)C1)N1CCN(C2COC2)CC1,0.123198075032,<rdkit.Chem.rdchem.Mol object at 0x7f4729319540>,O=C(C=CCN1CCN(C2COC2)CC1)N1CCCC(n2nc(-c3ccc(Oc4ccccc4)cc3)c3cncnc32)C1
Cc1ccc(S(=O)(=O)Nc2c(C(=O)NC(C)C)c(C)nn2-c2ccccc2)cc1,0.707570176098,<rdkit.Chem.rdchem.Mol object at 0x7f47293194d0>,O=S(=O)(Nc1ccnn1-c1ccccc1)c1ccccc1
COc1ncc(-c2c(C)ccc(F)c2CCNC(=O)c2ccc(OCC(F)(F)F)nc2)cn1,0.64048143697,<rdkit.Chem.rdchem.Mol object at 0x7f4729319460>,O=C(NCCc1ccccc1-c1cncnc1)c1cccnc1
NCCCCN(Cc1nc2ccccc2[nH]1)C1CCCc2cccnc21,1.56890541498,<rdkit.Chem.rdchem.Mol object at 0x7f4729319380>,c1cnc2c(c1)CCCC2NCc1nc2ccccc2[nH]1
CNC(=O)c1ccc(C)c(-n2c(C)cc(OCc3ccc(F)cc3F)c(Br)c2=O)c1,0.26245108973,<rdkit.Chem.rdchem.Mol object at 0x7f4729319310>,O=c1cc(OCc2ccccc2)ccn1-c1ccccc1
COc1cc(C)c(S(=O)(=O)N(C)CCOCC(=O)N2CCC(C3CCN(C)CC3)CC2)c(C)c1,1.70884563805,<rdkit.Chem.rdchem.Mol object at 0x7f47293191c0>,O=C(COCCNS(=O)(=O)c1ccccc1)N1CCC(C2CCNCC2)CC1
OC(c1ccc(-c2ccc(CN3CCN(Cc4ccncc4)CC3)cc2)c(F)c1)(C(F)(F)F)C(F)(F)F,-1.09691001301,<rdkit.Chem.rdchem.Mol object at 0x7f4729319150>,c1ccc(-c2ccc(CN3CCN(Cc4ccncc4)CC3)cc2)cc1
Cc1c(-c2c(F)cc(C(N)=O)c3[nH]c4c(c23)CCC(C(C)(C)O)C4)cccc1-n1c(=O)c2cccc(F)c2n(C)c1=O,0.326540668517,<rdkit.Chem.rdchem.Mol object at 0x7f47293190e0>,O=c1[nH]c2ccccc2c(=O)n1-c1cccc(-c2cccc3[nH]c4c(c23)CCCC4)c1
CCC(CC)n1nc(C)c(C(=O)N[C@@H](C)C(C)(C)C)c1NS(=O)(=O)c1ccc(C)cc1,0.912753303671,<rdkit.Chem.rdchem.Mol object at 0x7f4729319000>,O=S(=O)(Nc1ccn[nH]1)c1ccccc1
CCCc1cc(=O)[nH]c(=S)[nH]1,1.79518458968,<rdkit.Chem.rdchem.Mol object at 0x7f4729318f20>,O=c1cc[nH]c(=S)[nH]1
COc1ccc(CCC[N+](C)(CCCc2ccc(OC)cc2)CCNC(=O)c2nc(Cl)c(N)nc2N)cc1,1.19589965241,<rdkit.Chem.rdchem.Mol object at 0x7f4729318eb0>,O=C(NCC[NH+](CCCc1ccccc1)CCCc1ccccc1)c1cnccn1
COCCOc1nc(N)c2[nH]c(=O)n(Cc3ccccc3)c2n1,1.57518784493,<rdkit.Chem.rdchem.Mol object at 0x7f4729318e40>,O=c1[nH]c2cncnc2n1Cc1ccccc1
C=CC(=O)N1CCC[C@H](n2c(=O)n(-c3ccc(Oc4ccccc4)cc3)c3c(N)ncnc32)C1,0.276231957922,<rdkit.Chem.rdchem.Mol object at 0x7f4729318dd0>,O=c1n(-c2ccc(Oc3ccccc3)cc2)c2cncnc2n1C1CCCNC1
O=C1NC(=O)C(c2ccccc2)(c2ccccc2)N1,1.25406445291,<rdkit.Chem.rdchem.Mol object at 0x7f4729318cf0>,O=C1NC(=O)C(c2ccccc2)(c2ccccc2)N1
Cc1ccc(-c2nnc(Nc3ccc(C(=O)N(C)C)cc3)c3ccccc23)cc1S(=O)(=O)N(C)C,0.320146286111,<rdkit.Chem.rdchem.Mol object at 0x7f4729318c80>,c1ccc(Nc2nnc(-c3ccccc3)c3ccccc23)cc1
CCC(C)NC(=O)c1c(C)nn(-c2ccccc2)c1NS(=O)(=O)c1ccc(C)cc1,0.525044807037,<rdkit.Chem.rdchem.Mol object at 0x7f4729318ba0>,O=S(=O)(Nc1ccnn1-c1ccccc1)c1ccccc1
c1ccc(Oc2cccc(CN(CCN3CCOCC3)Cc3cccnc3)c2)cc1,0.142389466119,<rdkit.Chem.rdchem.Mol object at 0x7f47293189e0>,c1ccc(Oc2cccc(CN(CCN3CCOCC3)Cc3cccnc3)c2)cc1
O=C(Nc1ccc(CN2CCNCC2)cc1-c1nc2ccccc2[nH]1)c1cnc2ccccc2n1,0.903632516084,<rdkit.Chem.rdchem.Mol object at 0x7f4729318970>,O=C(Nc1ccc(CN2CCNCC2)cc1-c1nc2ccccc2[nH]1)c1cnc2ccccc2n1
Cc1cc(N2CCCC2)nc(C2CCCN(C)C2)n1,1.86152246312,<rdkit.Chem.rdchem.Mol object at 0x7f47293187b0>,c1cc(N2CCCC2)nc(C2CCCNC2)n1
CC(=O)Nc1ccc(C(=O)N2CCCCC2c2nc(N)ncc2-c2ccc(Cl)cc2)cc1,0.549861188472,<rdkit.Chem.rdchem.Mol object at 0x7f4729318740>,O=C(c1ccccc1)N1CCCCC1c1ncncc1-c1ccccc1
CCCSc1ccc2[nH]c(NC(=O)OC)nc2c1,0.76417613239,<rdkit.Chem.rdchem.Mol object at 0x7f47293186d0>,c1ccc2[nH]cnc2c1
O=c1[nH]c2cc(C(F)(F)F)ccc2n1-c1cc(C(F)(F)F)ccc1O,-0.958607314842,<rdkit.Chem.rdchem.Mol object at 0x7f4729318660>,O=c1[nH]c2ccccc2n1-c1ccccc1
CN(C)CCCN1c2ccccc2Sc2ccc(Cl)cc21,0.232996110392,<rdkit.Chem.rdchem.Mol object at 0x7f47293185f0>,c1ccc2c(c1)Nc1ccccc1S2
O=C(NCc1ccc(OC(F)(F)F)cc1)c1c2cccc(O)c2c(O)n1CCc1ncc(F)cn1,0.621176281775,<rdkit.Chem.rdchem.Mol object at 0x7f4729318580>,O=C(NCc1ccccc1)c1c2ccccc2cn1CCc1ncccn1
C[C@@H](CC(=O)OC(C)(C)C)NC(=O)C1=NO[C@@H](C(O)(C(F)(F)F)C(F)(F)F)C1,1.27852496474,<rdkit.Chem.rdchem.Mol object at 0x7f4729318510>,C1=NOCC1
Cc1ccc(S(=O)(=O)Nc2c(C(=O)N(C)C3CCCCC3)cnn2-c2ccccc2)cc1,0.271841606536,<rdkit.Chem.rdchem.Mol object at 0x7f47293184a0>,O=C(NC1CCCCC1)c1cnn(-c2ccccc2)c1NS(=O)(=O)c1ccccc1
CCN(Cc1cc(C(F)(F)F)ccc1-c1cc(CC(=O)O)ccc1OC)C(=O)NCc1ccccc1,0.281033367248,<rdkit.Chem.rdchem.Mol object at 0x7f4729318430>,O=C(NCc1ccccc1)NCc1ccccc1-c1ccccc1
C=CC(=O)Nc1cccc(Oc2nc(Nc3ccc(N4CCN(C)CC4)cc3)nc3ccoc23)c1,-0.20830935098,<rdkit.Chem.rdchem.Mol object at 0x7f47293182e0>,c1ccc(Oc2nc(Nc3ccc(N4CCNCC4)cc3)nc3ccoc23)cc1
COc1cccc2c1c(NS(=O)(=O)c1ccc(Cl)s1)nn2Cc1cccc(CNC(=O)C(C)(C)O)c1,-0.0861861476163,<rdkit.Chem.rdchem.Mol object at 0x7f4729318040>,O=S(=O)(Nc1nn(Cc2ccccc2)c2ccccc12)c1cccs1
Cc1c[nH]c(-c2cnc(NCCNc3ccc(C#N)cn3)nc2-c2ccc(Cl)cc2Cl)n1,0.650307523132,<rdkit.Chem.rdchem.Mol object at 0x7f4729307ed0>,c1ccc(-c2nc(NCCNc3ccccn3)ncc2-c2ncc[nH]2)cc1
Cc1cc(Nc2cnc(C#N)c(N[C@@H](C)c3ncc(F)cn3)n2)[nH]n1,1.57518784493,<rdkit.Chem.rdchem.Mol object at 0x7f4729307e60>,c1cnc(CNc2cncc(Nc3ccn[nH]3)n2)nc1
O=c1n(CCCN2CCN(c3cccc(Cl)c3)CC2)nc2ccccn12,1.09272064468,<rdkit.Chem.rdchem.Mol object at 0x7f4729307df0>,O=c1n(CCCN2CCN(c3ccccc3)CC2)nc2ccccn12
CCOc1ccc(-n2c([C@@H](C)N(Cc3cccnc3)C(=O)Cc3ccc(OC(F)(F)F)cc3)nc3ncccc3c2=O)cc1,0.466867620354,<rdkit.Chem.rdchem.Mol object at 0x7f4729307ca0>,O=C(Cc1ccccc1)N(Cc1cccnc1)Cc1nc2ncccc2c(=O)n1-c1ccccc1
CN(C(=O)Cc1ccc(S(C)(=O)=O)cc1)C1CCN(Cc2ccc(C(F)(F)F)cc2)CC1,1.20411998266,<rdkit.Chem.rdchem.Mol object at 0x7f4729307c30>,O=C(Cc1ccccc1)NC1CCN(Cc2ccccc2)CC1
O=C(NCc1ccc(OC(F)(F)F)cc1)c1c2ccccc2c(O)n1CCc1ncccn1,1.11025291735,<rdkit.Chem.rdchem.Mol object at 0x7f4729307bc0>,O=C(NCc1ccccc1)c1c2ccccc2cn1CCc1ncccn1
c1ccc2nc(COc3ccc(-c4[nH]ncc4-c4ccncc4)cc3)ccc2c1,-0.744727494897,<rdkit.Chem.rdchem.Mol object at 0x7f4729307b50>,c1ccc2nc(COc3ccc(-c4[nH]ncc4-c4ccncc4)cc3)ccc2c1
COc1ncc(-c2cccc(C)c2CCNC(=O)c2ccc(OCCC(F)(F)F)nc2)cn1,0.745074791582,<rdkit.Chem.rdchem.Mol object at 0x7f4729307ae0>,O=C(NCCc1ccccc1-c1cncnc1)c1cccnc1
CCC(C)C(=O)O[C@H]1C[C@H](O)C=C2C=C[C@H](C)[C@H](CC[C@@H](O)C[C@@H](O)CC(=O)O)[C@H]21,1.54332290065,<rdkit.Chem.rdchem.Mol object at 0x7f4729307990>,C1=CC2=CCCCC2CC1
NCCCCN(Cc1nc2ccccc2[nH]1)[C@H]1CCCc2cccnc21,1.38827886346,<rdkit.Chem.rdchem.Mol object at 0x7f47293078b0>,c1cnc2c(c1)CCCC2NCc1nc2ccccc2[nH]1
Cc1ccc(NC(=O)Nc2nnc(-c3ccncc3)s2)cc1,-0.193820026016,<rdkit.Chem.rdchem.Mol object at 0x7f47293077d0>,O=C(Nc1ccccc1)Nc1nnc(-c2ccncc2)s1
Cc1cc(C)c2c(N)c(C(=O)NCc3ccc(Cl)cc3)sc2n1,-0.185752404268,<rdkit.Chem.rdchem.Mol object at 0x7f4729307760>,O=C(NCc1ccccc1)c1cc2cccnc2s1
Cc1ccc(N2CC(COc3ccc(-c4noc(C)n4)cc3)C2)nn1,0.688419822003,<rdkit.Chem.rdchem.Mol object at 0x7f47293076f0>,c1cnnc(N2CC(COc3ccc(-c4ncon4)cc3)C2)c1
O=C(c1cc(Cc2n[nH]c(=O)c3ccccc23)ccc1F)N1CCCNCC1,1.77568324903,<rdkit.Chem.rdchem.Mol object at 0x7f4729307610>,O=C(c1cccc(Cc2n[nH]c(=O)c3ccccc23)c1)N1CCCNCC1
Cc1cnc(Nc2ccc(OCCN3CCCC3)cc2)nc1Nc1cccc(S(=O)(=O)NC(C)(C)C)c1,1.31069331234,<rdkit.Chem.rdchem.Mol object at 0x7f47293075a0>,c1ccc(Nc2ccnc(Nc3ccc(OCCN4CCCC4)cc3)n2)cc1
CC1Cc2ccccc2N1C(=O)Cn1nc(-c2cccc3ncccc23)oc1=O,0.36040405473,<rdkit.Chem.rdchem.Mol object at 0x7f4729307450>,O=C(Cn1nc(-c2cccc3ncccc23)oc1=O)N1CCc2ccccc21
CCn1nc(C)c(C(=O)N[C@@H](C)C(C)(C)C)c1NS(=O)(=O)c1ccc(C)cc1,0.67851837904,<rdkit.Chem.rdchem.Mol object at 0x7f47293073e0>,O=S(=O)(Nc1ccn[nH]1)c1ccccc1
NC(=O)C1(Cc2ccc(-c3ccncc3)cc2)CCN(C(=O)Cc2cccc(F)c2)CC1,1.0584639856,<rdkit.Chem.rdchem.Mol object at 0x7f4729307370>,O=C(Cc1ccccc1)N1CCC(Cc2ccc(-c3ccncc3)cc2)CC1
O=C(CC1CCCCCC1)Nc1cccc2c(=O)n([C@H]3CCNC3)ccc12,1.36530074864,<rdkit.Chem.rdchem.Mol object at 0x7f4729307300>,O=C(CC1CCCCCC1)Nc1cccc2c(=O)n(C3CCNC3)ccc12
COc1cccc(Nc2c(C(N)=O)cnc3c(C)cc(S(=O)(=O)c4cccc(C(=O)N(C)C)c4)cc23)c1,0.380211241712,<rdkit.Chem.rdchem.Mol object at 0x7f4729307290>,O=S(=O)(c1ccccc1)c1ccc2nccc(Nc3ccccc3)c2c1
COc1ccc(Cl)cc1C(=O)NCCc1ccc(S(=O)(=O)NC(=O)NC2CCCCC2)cc1,-0.943095148664,<rdkit.Chem.rdchem.Mol object at 0x7f47293070d0>,O=C(NC1CCCCC1)NS(=O)(=O)c1ccc(CCNC(=O)c2ccccc2)cc1
COc1cc(C)c(S(=O)(=O)N(C)CCOCC(=O)N(C)Cc2ccc(C3=NCCN3)cc2)c(C)c1,1.41077723338,<rdkit.Chem.rdchem.Mol object at 0x7f4729307060>,O=C(COCCNS(=O)(=O)c1ccccc1)NCc1ccc(C2=NCCN2)cc1
CC1CN(c2cc(=O)[nH]c(NCc3cccc4ccccc34)n2)CCO1,0.380211241712,<rdkit.Chem.rdchem.Mol object at 0x7f4729306ff0>,O=c1cc(N2CCOCC2)nc(NCc2cccc3ccccc23)[nH]1
N#C[C@]1(NC(=O)C(N)Cc2cccs2)C[C@H]1c1ccccc1,1.46864266839,<rdkit.Chem.rdchem.Mol object at 0x7f4729306f10>,O=C(CCc1cccs1)NC1CC1c1ccccc1
O=C(Nc1ccc(Cl)nc1)c1ccc(F)c(F)c1,1.07518185462,<rdkit.Chem.rdchem.Mol object at 0x7f4729306ea0>,O=C(Nc1cccnc1)c1ccccc1
COc1ccc(Nc2c(C#N)cnc3cc(OC)c(OC)cc23)cc1Cl,0.115943176939,<rdkit.Chem.rdchem.Mol object at 0x7f4729306ce0>,c1ccc(Nc2ccnc3ccccc23)cc1
O=c1[nH]c2c(O)ccc([C@@H](O)CNCCc3cccc(CNCCc4ccccn4)c3)c2s1,1.17055505852,<rdkit.Chem.rdchem.Mol object at 0x7f4729306c70>,O=c1[nH]c2cccc(CCNCCc3cccc(CNCCc4ccccn4)c3)c2s1
CC(C)(C)OC(=O)NC(Cc1ccccc1C(F)(F)F)C(=O)NCc1nc2cccnc2n1Cc1ccccc1,-0.698970004336,<rdkit.Chem.rdchem.Mol object at 0x7f4729306c00>,O=C(CCc1ccccc1)NCc1nc2cccnc2n1Cc1ccccc1
COCCC(=O)N[C@H](C)c1ccc(Nc2ncc3cc(-c4ccncc4)ccc3n2)cc1,0.650307523132,<rdkit.Chem.rdchem.Mol object at 0x7f4729306b20>,c1ccc(Nc2ncc3cc(-c4ccncc4)ccc3n2)cc1
CN(CCNCCc1ccc(O)c2[nH]c(=O)sc12)C(=O)CCOCCc1ccccc1,1.31868926995,<rdkit.Chem.rdchem.Mol object at 0x7f4729306ab0>,O=C(CCOCCc1ccccc1)NCCNCCc1cccc2[nH]c(=O)sc12
Cc1ccc(S(=O)(=O)Nc2c(C(=O)N[C@@H](C)C(C)(C)C)c(C)nn2C2CCS(=O)(=O)CC2)cc1,1.41077723338,<rdkit.Chem.rdchem.Mol object at 0x7f47293069d0>,O=S1(=O)CCC(n2nccc2NS(=O)(=O)c2ccccc2)CC1
COCCc1noc(CN2CC(c3ccccc3)(c3ccccc3)CCC2=O)n1,1.25166254999,<rdkit.Chem.rdchem.Mol object at 0x7f4729306960>,O=C1CCC(c2ccccc2)(c2ccccc2)CN1Cc1ncno1
O=C(NCc1ccc(OC(F)(F)F)cc1)c1c2ccccc2c(O)n1C1CCOCC1,1.11892575283,<rdkit.Chem.rdchem.Mol object at 0x7f47293068f0>,O=C(NCc1ccccc1)c1c2ccccc2cn1C1CCOCC1
O=c1[nH]c2ccccc2n1C1CCN(CCCC(c2ccc(F)cc2)c2ccc(F)cc2)CC1,-0.52287874528,<rdkit.Chem.rdchem.Mol object at 0x7f4729306880>,O=c1[nH]c2ccccc2n1C1CCN(CCCC(c2ccccc2)c2ccccc2)CC1
CC(C)(CCCCCOCCc1ccccc1)NCCc1ccc(O)c2[nH]c(=O)sc12,0.35983548234,<rdkit.Chem.rdchem.Mol object at 0x7f4729306810>,O=c1[nH]c2cccc(CCNCCCCCCOCCc3ccccc3)c2s1
Cc1cccc(-c2[nH]c(C34CCC(C(N)=O)(CC3)CC4)nc2-c2ccc3c(c2)OCO3)n1,0.210318519826,<rdkit.Chem.rdchem.Mol object at 0x7f4729306730>,c1ccc(-c2[nH]c(C34CCC(CC3)CC4)nc2-c2ccc3c(c2)OCO3)nc1
OCCNC(=S)NCc1cccc(Cl)c1F,1.20411998266,<rdkit.Chem.rdchem.Mol object at 0x7f47293066c0>,c1ccccc1
CC(C)(C)CCN1CC[C@H](CNC(=O)c2cc(Cl)cc(Cl)c2)[C@H](F)C1,0.922206277439,<rdkit.Chem.rdchem.Mol object at 0x7f47293065e0>,O=C(NCC1CCNCC1)c1ccccc1
C[C@@H]1C[C@H]2[C@@H]3CC=C4CC(=O)C=C[C@]4(C)[C@@]3(F)[C@@H](O)C[C@]2(C)[C@@]1(O)C(=O)CO,1.10140335056,<rdkit.Chem.rdchem.Mol object at 0x7f4729306570>,O=C1C=CC2C(=CCC3C4CCCC4CCC23)C1
CC(C)Oc1cc(Nc2nc(N[C@@H](C)c3ccc(F)cn3)nc(OC(CO)CO)c2Cl)[nH]n1,1.23754373814,<rdkit.Chem.rdchem.Mol object at 0x7f4729306500>,c1ccc(CNc2nccc(Nc3ccn[nH]3)n2)nc1
CCOc1cc(CN2CCC(Nc3nc4cc(S(N)(=O)=O)ccc4o3)CC2)cc(OCC)c1N,1.03941411918,<rdkit.Chem.rdchem.Mol object at 0x7f4729306490>,c1ccc(CN2CCC(Nc3nc4ccccc4o3)CC2)cc1
C[S+]([O-])Cc1ccc(C(=O)Nc2cccnc2C(=O)NCC2CCC2)c2ccccc12,0.0755469613925,<rdkit.Chem.rdchem.Mol object at 0x7f4729306420>,O=C(NCC1CCC1)c1ncccc1NC(=O)c1cccc2ccccc12
Cc1cc(=O)n(-c2ccccc2)n1C,1.84571801797,<rdkit.Chem.rdchem.Mol object at 0x7f47293063b0>,O=c1cc[nH]n1-c1ccccc1
CCCCNC(=O)NS(=O)(=O)c1ccc(C)cc1,0.35983548234,<rdkit.Chem.rdchem.Mol object at 0x7f47293062d0>,c1ccccc1
COc1cc(F)c(C(C)C)cc1-c1ccc(C(F)(F)F)cc1CN1C(=O)O[C@H](c2cc(C(F)(F)F)cc(C(F)(F)F)c2)[C@@H]1C,0.515873843712,<rdkit.Chem.rdchem.Mol object at 0x7f47293061f0>,O=C1OC(c2ccccc2)CN1Cc1ccccc1-c1ccccc1
CC(C)CC(NC(=O)C(O)C(N)Cc1ccccc1)C(=O)O,1.5405296797,<rdkit.Chem.rdchem.Mol object at 0x7f4729306180>,c1ccccc1
COc1cc2c(cc1OC)CN(CCc1ccc(NC(=O)c3cccc4c(=O)c5cccc(OC)c5[nH]c34)cc1)CC2,0.25285303098,<rdkit.Chem.rdchem.Mol object at 0x7f4729306110>,O=C(Nc1ccc(CCN2CCc3ccccc3C2)cc1)c1cccc2c(=O)c3ccccc3[nH]c12
O=C1Nc2cc(C(F)(F)F)ccc2C1(O)c1cc(Cl)ccc1O,0.0453229787867,<rdkit.Chem.rdchem.Mol object at 0x7f47293060a0>,O=C1Nc2ccccc2C1c1ccccc1
Cc1noc(NS(=O)(=O)c2ccc(N)cc2)c1C,0.184691430818,<rdkit.Chem.rdchem.Mol object at 0x7f4729305d90>,O=S(=O)(Nc1ccno1)c1ccccc1
CC(C)(C)NS(=O)(=O)c1cncc(-c2ccc3nc(NC(=O)NCC(=O)N4CCOCC4)nn3c2)c1,1.72794770954,<rdkit.Chem.rdchem.Mol object at 0x7f4729305d20>,O=C(NCC(=O)N1CCOCC1)Nc1nc2ccc(-c3cccnc3)cn2n1
Cc1ccc(S(=O)(=O)Nc2c(C(=O)NC3CCOCC3)c(C)nn2-c2ccccc2)cc1,0.949390006645,<rdkit.Chem.rdchem.Mol object at 0x7f4729305c40>,O=C(NC1CCOCC1)c1cnn(-c2ccccc2)c1NS(=O)(=O)c1ccccc1
CCC(N)C(=O)N[C@H](C#N)Cc1ccc(-c2ccccc2)cc1,0.885361220032,<rdkit.Chem.rdchem.Mol object at 0x7f4729305bd0>,c1ccc(-c2ccccc2)cc1
Cc1nn(-c2ccccc2)c(NS(=O)(=O)C2CCCCC2)c1C(=O)N[C@@H](C)C(C)(C)C,0.212187604404,<rdkit.Chem.rdchem.Mol object at 0x7f4729305af0>,O=S(=O)(Nc1ccnn1-c1ccccc1)C1CCCCC1
Cc1cn([C@H]2CCCN([C@@H](C)c3ccc(C(=O)O)c(Oc4cccc(Cl)c4)c3)C2)c(=O)[nH]c1=O,0.428134794029,<rdkit.Chem.rdchem.Mol object at 0x7f4729305a80>,O=c1ccn(C2CCCN(Cc3cccc(Oc4ccccc4)c3)C2)c(=O)[nH]1
O=P1(N(CCCl)CCCl)NCCCO1,1.93333541008,<rdkit.Chem.rdchem.Mol object at 0x7f4729305a10>,O=[PH]1NCCCO1
CCN(CC)S(=O)(=O)c1ccc(-c2cc(C(F)(F)F)ccc2OCC(=O)O)cc1,0.25285303098,<rdkit.Chem.rdchem.Mol object at 0x7f47293059a0>,c1ccc(-c2ccccc2)cc1
Cc1cc(Nc2nc(O[C@@H](C)c3ncc(F)cn3)ncc2Cl)[nH]n1,1.5301996982,<rdkit.Chem.rdchem.Mol object at 0x7f4729305930>,c1cnc(COc2nccc(Nc3ccn[nH]3)n2)nc1
CCOc1cc2nn(CCC(C)(C)O)cc2cc1NC(=O)c1cccc(C(F)F)n1,0.268343913951,<rdkit.Chem.rdchem.Mol object at 0x7f4729305850>,O=C(Nc1ccc2n[nH]cc2c1)c1ccccn1
COc1ccc(CC(=O)NCc2ccccc2-c2ccccc2C(=O)NCCc2cccnc2)cc1,0.922206277439,<rdkit.Chem.rdchem.Mol object at 0x7f47293057e0>,O=C(Cc1ccccc1)NCc1ccccc1-c1ccccc1C(=O)NCCc1cccnc1
Cc1ccccc1N=Nc1ccc(NC(=O)c2ccnn2C)c(C)c1,-0.769551078622,<rdkit.Chem.rdchem.Mol object at 0x7f4729305770>,O=C(Nc1ccc(N=Nc2ccccc2)cc1)c1ccn[nH]1
O=P(c1ccccc1)(c1ccccc1)N(Cc1ccccn1)c1cccnc1,1.16196661636,<rdkit.Chem.rdchem.Mol object at 0x7f47293055b0>,O=P(c1ccccc1)(c1ccccc1)N(Cc1ccccn1)c1cccnc1
O=C(NCc1cccc(OC(F)(F)F)c1)c1c2ccccc2c(O)n1CCc1ncc(F)cn1,1.25406445291,<rdkit.Chem.rdchem.Mol object at 0x7f47293054d0>,O=C(NCc1ccccc1)c1c2ccccc2cn1CCc1ncccn1
Cc1nc(C)c(-c2ccc(C3CCC(CC(=O)NC(C)(C)C(=O)O)CC3)cc2)nc1C(N)=O,0.399673721481,<rdkit.Chem.rdchem.Mol object at 0x7f4729305460>,c1cnc(-c2ccc(C3CCCCC3)cc2)cn1
CC(=O)N1CCN(c2nc(N[C@H](C)c3cnc4ccccc4c3)c3c(n2)C(=O)N(C(C)C)C3)CC1,0.0755469613925,<rdkit.Chem.rdchem.Mol object at 0x7f47293053f0>,O=C1NCc2c(NCc3cnc4ccccc4c3)nc(N3CCNCC3)nc21
COCCNC(=O)c1ccnc(C2CCNCC2)c1,2.0,<rdkit.Chem.rdchem.Mol object at 0x7f47293052a0>,c1ccc(C2CCNCC2)nc1
O=c1cc(Cn2c(C3CCC3)nc3nccnc32)c2ccc(F)c(F)c2[nH]1,1.20411998266,<rdkit.Chem.rdchem.Mol object at 0x7f4729305230>,O=c1cc(Cn2c(C3CCC3)nc3nccnc32)c2ccccc2[nH]1
CC(=O)Nc1ccc(C(=O)N2CCCCC2c2nc(N)ncc2-c2cccc(Cl)c2)cc1,0.584331224368,<rdkit.Chem.rdchem.Mol object at 0x7f4729305150>,O=C(c1ccccc1)N1CCCCC1c1ncncc1-c1ccccc1
CC(C)(C)NC(=O)NCCN1CCC(O)(CNC(=O)c2cc(Cl)cc(Cl)c2)CC1,1.36530074864,<rdkit.Chem.rdchem.Mol object at 0x7f47293050e0>,O=C(NCC1CCNCC1)c1ccccc1
CCN1CCN(S(=O)(=O)Cc2ccc(Cl)c(Cl)c2)CC1,1.07184520113,<rdkit.Chem.rdchem.Mol object at 0x7f4729305070>,O=S(=O)(Cc1ccccc1)N1CCNCC1
O=C(NCCc1ccccc1Cl)c1cc(-n2ncc(=O)[nH]c2=O)ccc1Cl,0.350248018334,<rdkit.Chem.rdchem.Mol object at 0x7f4729305000>,O=C(NCCc1ccccc1)c1cccc(-n2ncc(=O)[nH]c2=O)c1
CCn1c(CO)nn(-c2cc(O[C@@H](C)C(F)(F)F)c(C(=O)Nc3c(F)cccc3Cl)cc2F)c1=O,0.876910311345,<rdkit.Chem.rdchem.Mol object at 0x7f4729304f90>,O=C(Nc1ccccc1)c1ccc(-n2nc[nH]c2=O)cc1
COc1c(N2C[C@@H]3CCCN[C@@H]3C2)c(F)cc2c(=O)c(C(=O)O)cn(C3CC3)c12,1.81677141233,<rdkit.Chem.rdchem.Mol object at 0x7f4729304f20>,O=c1ccn(C2CC2)c2cc(N3CC4CCCNC4C3)ccc12
O=C(Nc1nc2cccc(-c3ccc(CN4CCS(=O)(=O)CC4)cc3)n2n1)C1CC1,1.60185365244,<rdkit.Chem.rdchem.Mol object at 0x7f4729304e40>,O=C(Nc1nc2cccc(-c3ccc(CN4CCS(=O)(=O)CC4)cc3)n2n1)C1CC1
COc1ccc(CCO[C@@H]2CCCC[C@H]2N2CC[C@@H](O)C2)cc1OC,1.8899736384,<rdkit.Chem.rdchem.Mol object at 0x7f4729304d60>,c1ccc(CCOC2CCCCC2N2CCCC2)cc1
COc1cc(C)c(S(=O)(=O)N(C)CCOCC(=O)N2CCN(C3CCN(C)CC3)CC2)c(C)c1,1.79892673858,<rdkit.Chem.rdchem.Mol object at 0x7f4729304cf0>,O=C(COCCNS(=O)(=O)c1ccccc1)N1CCN(C2CCNCC2)CC1
O=C(NCc1ccc(OC(F)(F)F)cc1)c1c2ccccc2c(O)n1C[C@@H]1CCCO1,0.782472624166,<rdkit.Chem.rdchem.Mol object at 0x7f4729304c80>,O=C(NCc1ccccc1)c1c2ccccc2cn1CC1CCCO1
O=C(Nc1cccc(Cl)c1)c1ccccn1,0.688419822003,<rdkit.Chem.rdchem.Mol object at 0x7f4729304c10>,O=C(Nc1ccccc1)c1ccccn1
Cc1ccc2c(OCCN3CCC(Cc4cccc(NS(C)(=O)=O)c4)CC3)cccc2n1,0.725911632295,<rdkit.Chem.rdchem.Mol object at 0x7f4729304ba0>,c1ccc(CC2CCN(CCOc3cccc4ncccc34)CC2)cc1
CCCCN(CCNCCc1ccc(O)c2[nH]c(=O)sc12)C(=O)CCOCCc1ccccc1,0.848189116991,<rdkit.Chem.rdchem.Mol object at 0x7f4729304ac0>,O=C(CCOCCc1ccccc1)NCCNCCc1cccc2[nH]c(=O)sc12
CC(NC(=O)c1cc2ccccc2[nH]1)c1ccccc1,0.563481085394,<rdkit.Chem.rdchem.Mol object at 0x7f4729304a50>,O=C(NCc1ccccc1)c1cc2ccccc2[nH]1
Cc1ncc(C(N)=S)nc1-c1ccc(C2CCC(CC(=O)O)CC2)cc1,-0.00436480540245,<rdkit.Chem.rdchem.Mol object at 0x7f47293049e0>,c1cnc(-c2ccc(C3CCCCC3)cc2)cn1
CC[C@@H](Nc1c(Nc2cccc(C(=O)N(C)C)c2O)c(=O)c1=O)c1ccc(C)o1,0.0253058652648,<rdkit.Chem.rdchem.Mol object at 0x7f4729304970>,O=c1c(NCc2ccco2)c(Nc2ccccc2)c1=O
O=C(Nc1nc2ccccc2[nH]1)c1ccccc1,1.10140335056,<rdkit.Chem.rdchem.Mol object at 0x7f4729304890>,O=C(Nc1nc2ccccc2[nH]1)c1ccccc1
CC1(CNC(=O)c2cncc(C3CCNCC3)n2)CCCO1,1.96004245573,<rdkit.Chem.rdchem.Mol object at 0x7f47293047b0>,O=C(NCC1CCCO1)c1cncc(C2CCNCC2)n1
CCCC(=O)Nc1ccc(Cl)c(-c2nc3ncccc3o2)c1,0.553883026644,<rdkit.Chem.rdchem.Mol object at 0x7f4729304510>,c1ccc(-c2nc3ncccc3o2)cc1
O=C(c1ccc(-c2ccc(Cl)cc2)o1)N(Cc1ccccn1)c1ccc(N2CCNCC2)cc1,0.34044411484,<rdkit.Chem.rdchem.Mol object at 0x7f47293044a0>,O=C(c1ccc(-c2ccccc2)o1)N(Cc1ccccn1)c1ccc(N2CCNCC2)cc1
C=CC(=O)Nc1cccc(Oc2nc(Nc3ccc(N4CCN(C)CC4)cc3)nc3ccsc23)c1,-0.308918507877,<rdkit.Chem.rdchem.Mol object at 0x7f4729304430>,c1ccc(Oc2nc(Nc3ccc(N4CCNCC4)cc3)nc3ccsc23)cc1
CC(CN1c2ccccc2Sc2ccccc21)N(C)C,0.848189116991,<rdkit.Chem.rdchem.Mol object at 0x7f4729304350>,c1ccc2c(c1)Nc1ccccc1S2
CCS(=O)(=O)c1ccc(-c2cc(C(F)(F)F)ccc2OCC(=O)O)c(C)c1,0.848189116991,<rdkit.Chem.rdchem.Mol object at 0x7f47293042e0>,c1ccc(-c2ccccc2)cc1
COc1ccc(NC(=O)c2ccnc3ccccc23)c(C(=O)NCC2CCC2)n1,-1.04575749056,<rdkit.Chem.rdchem.Mol object at 0x7f4729304120>,O=C(NCC1CCC1)c1ncccc1NC(=O)c1ccnc2ccccc12
O=C(CN1CCCC(c2cccc(Cc3cccc(F)c3)n2)C1)N1CCCC1,0.953856298225,<rdkit.Chem.rdchem.Mol object at 0x7f4729304040>,O=C(CN1CCCC(c2cccc(Cc3ccccc3)n2)C1)N1CCCC1
CC(C)C(NC(=O)c1ccccc1)C(=O)c1ccc([N+](=O)[O-])cc1,0.838849090737,<rdkit.Chem.rdchem.Mol object at 0x7f4729303f40>,O=C(CNC(=O)c1ccccc1)c1ccccc1
CCCC(=O)Nc1ccc(OCC(O)CNC(C)C)c(C(C)=O)c1,1.85156408226,<rdkit.Chem.rdchem.Mol object at 0x7f4729303ed0>,c1ccccc1
CCCc1nc2c(C)cc(-c3nc4ccccc4n3C)cc2n1Cc1ccc(-c2ccccc2C(=O)O)cc1,-0.420216403383,<rdkit.Chem.rdchem.Mol object at 0x7f4729303e60>,c1ccc(-c2ccc(Cn3cnc4ccc(-c5nc6ccccc6[nH]5)cc43)cc2)cc1
C[C@@H](Oc1ccccc1-c1cccc([N+](=O)[O-])c1)C1=NCCN1,1.60573589388,<rdkit.Chem.rdchem.Mol object at 0x7f4729303d80>,c1ccc(-c2ccccc2OCC2=NCCN2)cc1
CC[C@H](NC(=O)c1c(O)c(-c2ccccc2)nc2ccccc12)c1ccccc1,-1.30102999566,<rdkit.Chem.rdchem.Mol object at 0x7f4729303c30>,O=C(NCc1ccccc1)c1cc(-c2ccccc2)nc2ccccc12
O=c1cc(N2CCOCC2)[nH]c(NCc2c(Cl)cccc2Cl)n1,0.621176281775,<rdkit.Chem.rdchem.Mol object at 0x7f4729303ae0>,O=c1cc(N2CCOCC2)[nH]c(NCc2ccccc2)n1
CCOc1ccc2oc(C(=O)NC(CCSC)c3nc4ccccc4[nH]3)c(C)c2c1,-0.0457574905607,<rdkit.Chem.rdchem.Mol object at 0x7f4729303a70>,O=C(NCc1nc2ccccc2[nH]1)c1cc2ccccc2o1
Cc1cc(Nc2nc(N[C@@H](C)c3ccc(F)cn3)c(C#N)nc2C)[nH]n1,1.27852496474,<rdkit.Chem.rdchem.Mol object at 0x7f4729303a00>,c1ccc(CNc2cncc(Nc3ccn[nH]3)n2)nc1
O=C1CCc2cc(-c3cncc4ccccc34)ccc2N1,0.495544337546,<rdkit.Chem.rdchem.Mol object at 0x7f4729303920>,O=C1CCc2cc(-c3cncc4ccccc34)ccc2N1
C[C@@H]1CN(Cc2nnc(-c3cc(-c4cccc5[nH]ccc45)cc4[nH]ncc34)o2)C[C@H](C)O1,0.495544337546,<rdkit.Chem.rdchem.Mol object at 0x7f47293038b0>,c1cc(-c2cc(-c3nnc(CN4CCOCC4)o3)c3cn[nH]c3c2)c2cc[nH]c2c1
O=C(N[C@@H]1COc2cccc(-c3ccc(CO)nc3)c2C1)c1ccc(OCCOCC(F)(F)F)nc1,0.949390006645,<rdkit.Chem.rdchem.Mol object at 0x7f4729303840>,O=C(NC1COc2cccc(-c3cccnc3)c2C1)c1cccnc1
O=c1[nH]c2c(O)ccc([C@@H](O)CNCCc3cccc(CNCCc4ccccc4F)c3)c2s1,1.12742877785,<rdkit.Chem.rdchem.Mol object at 0x7f47293036f0>,O=c1[nH]c2cccc(CCNCCc3cccc(CNCCc4ccccc4)c3)c2s1
COc1ccc(-c2c(C(=O)N3CCC[C@H]3CO)cc3cccnn23)cc1,1.41813549843,<rdkit.Chem.rdchem.Mol object at 0x7f4729303610>,O=C(c1cc2cccnn2c1-c1ccccc1)N1CCCC1
CCOc1ncc(C)c2c1[C@H](c1ccc(C#N)cc1OC)C(C(N)=O)C(C)=N2,-1.15490195999,<rdkit.Chem.rdchem.Mol object at 0x7f47293035a0>,C1=Nc2ccncc2C(c2ccccc2)C1
CN(C)c1nc(Cc2ccc(NC(=O)c3ccc(C(F)(F)F)cc3)cc2)nc(N(C)C)c1CC(=O)O,-0.602059991328,<rdkit.Chem.rdchem.Mol object at 0x7f4729303530>,O=C(Nc1ccc(Cc2ncccn2)cc1)c1ccccc1
CCS(=O)(=O)c1ccc(-c2cc(Cl)ccc2OCC(=O)O)c(F)c1,0.754348335711,<rdkit.Chem.rdchem.Mol object at 0x7f47293034c0>,c1ccc(-c2ccccc2)cc1
CC(C)(C)NC(=O)NCCN1CC(NC(=O)c2cc(Cl)cc(Cl)c2)C1,1.00389116624,<rdkit.Chem.rdchem.Mol object at 0x7f4729303300>,O=C(NC1CNC1)c1ccccc1
CN1CCN(S(=O)(=O)c2ccc(-c3cnc(N)c(C(=O)Nc4cccnc4)n3)cc2)CC1,0.915558115412,<rdkit.Chem.rdchem.Mol object at 0x7f4729303220>,O=C(Nc1cccnc1)c1cncc(-c2ccc(S(=O)(=O)N3CCNCC3)cc2)n1
N#Cc1ccc2[nH]c(-c3ccc(F)cc3)c(CCCC(=O)NS(=O)(=O)C(F)(F)F)c2c1,0.820201459486,<rdkit.Chem.rdchem.Mol object at 0x7f47293031b0>,c1ccc(-c2cc3ccccc3[nH]2)cc1
C=CC(=O)N1CCC[C@@H](n2nc(-c3ccc(Oc4ccccc4)cc3)c3c(N)ncnc32)C1,-0.358525889496,<rdkit.Chem.rdchem.Mol object at 0x7f47293030d0>,c1ccc(Oc2ccc(-c3nn(C4CCCNC4)c4ncncc34)cc2)cc1
CN[C@H]1CC[C@@H](c2ccc(Cl)c(Cl)c2)c2ccccc21,0.301029995664,<rdkit.Chem.rdchem.Mol object at 0x7f4729302ff0>,c1ccc(C2CCCc3ccccc32)cc1
O=C(Nc1ccc2ccccc2n1)c1ccc(N2CCOC2=O)cc1,0.0692980121155,<rdkit.Chem.rdchem.Mol object at 0x7f4729302ea0>,O=C(Nc1ccc2ccccc2n1)c1ccc(N2CCOC2=O)cc1
CCOC(=O)C1=C(C)N=C(C)C(C(=O)OC)C1c1cccc([N+](=O)[O-])c1,-0.113509274828,<rdkit.Chem.rdchem.Mol object at 0x7f4729302e30>,C1=CC(c2ccccc2)CC=N1
CCN(CCO)C(=O)c1cc2cccnc2n1-c1cccc(C(F)(F)F)c1,1.39585037602,<rdkit.Chem.rdchem.Mol object at 0x7f4729302d50>,c1ccc(-n2ccc3cccnc32)cc1
O=C(CCCN1CCC(O)(c2ccc(Cl)cc2)CC1)c1ccc(F)cc1,1.27044590802,<rdkit.Chem.rdchem.Mol object at 0x7f4729302ce0>,O=C(CCCN1CCC(c2ccccc2)CC1)c1ccccc1
OCc1cc(C(O)CNCCCCCCOCCCCc2ccccc2)ccc1O,0.866877814337,<rdkit.Chem.rdchem.Mol object at 0x7f4729302c70>,c1ccc(CCCCOCCCCCCNCCc2ccccc2)cc1
CCNC(=O)C1O[C@@H](n2cnc3c(NCC(c4ccccc4)c4ccccc4)nc(C(=O)NCCNC(=O)NC4CCN(c5ccccn5)CC4)nc32)[C@H](O)[C@@H]1O,0.152288344383,<rdkit.Chem.rdchem.Mol object at 0x7f4729302b90>,O=C(NCCNC(=O)c1nc(NCC(c2ccccc2)c2ccccc2)c2ncn(C3CCCO3)c2n1)NC1CCN(c2ccccn2)CC1
CC(=O)Nc1ccc(O)cc1,1.91698530509,<rdkit.Chem.rdchem.Mol object at 0x7f4729302b20>,c1ccccc1
Cc1cnc(-c2c(F)ccc(F)c2CCNC(=O)c2ccc(COCC(F)(F)F)nc2)cn1,1.44731310882,<rdkit.Chem.rdchem.Mol object at 0x7f4729302ab0>,O=C(NCCc1ccccc1-c1cnccn1)c1cccnc1
N#Cc1cccc(-c2cc(C(F)(F)F)ccc2OCC(=O)O)c1,0.54406804435,<rdkit.Chem.rdchem.Mol object at 0x7f4729302a40>,c1ccc(-c2ccccc2)cc1
O=C(CN1CCOCC1)Nc1ccc(-c2cccc3c(=O)cc(N4CCOCC4)oc23)cc1-c1ccccc1,0.801403710017,<rdkit.Chem.rdchem.Mol object at 0x7f4729302960>,O=C(CN1CCOCC1)Nc1ccc(-c2cccc3c(=O)cc(N4CCOCC4)oc23)cc1-c1ccccc1
CC(C)Oc1ccc2c(=O)c(-c3ccccc3)coc2c1,-0.251811972994,<rdkit.Chem.rdchem.Mol object at 0x7f47293028f0>,O=c1c(-c2ccccc2)coc2ccccc12
COc1ccc(C2(c3ccc(F)c(-c4cccnc4F)c3)N=C(N)N(C)C2=O)cc1C,-0.00436480540245,<rdkit.Chem.rdchem.Mol object at 0x7f4729302880>,O=C1NC=NC1(c1ccccc1)c1cccc(-c2cccnc2)c1
CC1(C)[C@@H]2CC[C@@]1(CS(=O)(=O)N1CCN(c3ccc(C(F)(F)F)cn3)CC1)C(=O)C2,0.281033367248,<rdkit.Chem.rdchem.Mol object at 0x7f4729302810>,O=C1CC2CCC1(CS(=O)(=O)N1CCN(c3ccccn3)CC1)C2
COc1ccc(CCN2C(=O)N(NS(C)(=O)=O)C[C@@H]2c2ccc(OC)cc2)cc1,0.281033367248,<rdkit.Chem.rdchem.Mol object at 0x7f4729302730>,O=C1NCC(c2ccccc2)N1CCc1ccccc1
Cc1nccn1-c1sc(Nc2cnccn2)nc1-c1cccc(C#N)c1,0.64048143697,<rdkit.Chem.rdchem.Mol object at 0x7f4729302650>,c1ccc(-c2nc(Nc3cnccn3)sc2-n2ccnc2)cc1
CC#Cc1cncc(-c2cccc([C@@]3(c4cc(C)c(=O)n(CC)c4)N=C(N)c4c(F)cccc43)c2)c1,0.13353890837,<rdkit.Chem.rdchem.Mol object at 0x7f47293025e0>,O=c1ccc(C2(c3cccc(-c4cccnc4)c3)N=Cc3ccccc32)c[nH]1
Cc1ccccc1-n1c(Cn2nc(-c3ccc(O)c(F)c3)c3c(N)ncnc32)nc2cccc(C)c2c1=O,0.495544337546,<rdkit.Chem.rdchem.Mol object at 0x7f4729302570>,O=c1c2ccccc2nc(Cn2nc(-c3ccccc3)c3cncnc32)n1-c1ccccc1
CN1CCN(CCCN2c3ccccc3Sc3ccc(C(F)(F)F)cc32)CC1,-0.154901959986,<rdkit.Chem.rdchem.Mol object at 0x7f4729302420>,c1ccc2c(c1)Sc1ccccc1N2CCCN1CCNCC1
O=C(NC1CCNCC1)c1ccc2[nH]ncc2c1,1.92695434999,<rdkit.Chem.rdchem.Mol object at 0x7f47293023b0>,O=C(NC1CCNCC1)c1ccc2[nH]ncc2c1
Cc1cc(OC2CCN(CC3CCN([C@@](C)(Cc4ccc(F)cc4)C(=O)O)CC3)CC2)ccc1Cl,1.4255342205,<rdkit.Chem.rdchem.Mol object at 0x7f4729302340>,c1ccc(CCN2CCC(CN3CCC(Oc4ccccc4)CC3)CC2)cc1
CS(=O)(=O)N1CCC(NC(=O)NC23CC4CC(CC(C4)C2)C3)CC1,1.41813549843,<rdkit.Chem.rdchem.Mol object at 0x7f47293022d0>,O=C(NC1CCNCC1)NC12CC3CC(CC(C3)C1)C2
O=C1COc2nccc(-c3ccccc3F)c2CN1Cc1cc(C(F)(F)F)cc(C(F)(F)F)c1,-0.0915149811214,<rdkit.Chem.rdchem.Mol object at 0x7f4729302260>,O=C1COc2nccc(-c3ccccc3)c2CN1Cc1ccccc1
O=C(O)CNC(=O)c1ncccc1O,1.3807537708,<rdkit.Chem.rdchem.Mol object at 0x7f4729302110>,c1ccncc1
COC(=O)C1=C(C)N=C(C)C(C(=O)OC)C1c1ccccc1[N+](=O)[O-],-0.638272163982,<rdkit.Chem.rdchem.Mol object at 0x7f47293020a0>,C1=CC(c2ccccc2)CC=N1
O=C(O)CCn1c2c(c3ccccc31)C[C@H](NS(=O)(=O)c1ccc(F)cc1)CC2,0.515873843712,<rdkit.Chem.rdchem.Mol object at 0x7f4729302030>,O=S(=O)(NC1CCc2[nH]c3ccccc3c2C1)c1ccccc1
O=c1[nH]c2c(O)ccc([C@@H](O)CNCCCOCCOCCc3ccccc3)c2s1,1.66791968532,<rdkit.Chem.rdchem.Mol object at 0x7f4729301fc0>,O=c1[nH]c2cccc(CCNCCCOCCOCCc3ccccc3)c2s1
Cc1ncc(CN2CCC(Nc3cncc(Cl)n3)C(C)C2)s1,1.26422734776,<rdkit.Chem.rdchem.Mol object at 0x7f4729301ee0>,c1cnc(NC2CCN(Cc3cncs3)CC2)cn1
COc1ccc2c(c1)C(=O)C(=O)N2CC1COc2ccccc2O1,-0.229147988358,<rdkit.Chem.rdchem.Mol object at 0x7f4729301d90>,O=C1C(=O)N(CC2COc3ccccc3O2)c2ccccc21
Cc1oc2ccccc2c1CNc1nnc(-c2ccncc2)o1,-0.172630726946,<rdkit.Chem.rdchem.Mol object at 0x7f4729301d20>,c1ccc2c(CNc3nnc(-c4ccncc4)o3)coc2c1
CC(C)Cc1c(C(=O)C(N)=O)c2c(OCC(=O)O)cccc2n1Cc1ccccc1,0.271841606536,<rdkit.Chem.rdchem.Mol object at 0x7f4729301bd0>,c1ccc(Cn2ccc3ccccc32)cc1
c1ccc2c(c1)CCC[C@H]2Nc1nc2ccccc2[nH]1,0.64048143697,<rdkit.Chem.rdchem.Mol object at 0x7f4729301b60>,c1ccc2c(c1)CCCC2Nc1nc2ccccc2[nH]1
CC(C)C[C@H](CN)CC(=O)O,1.69897000434,<rdkit.Chem.rdchem.Mol object at 0x7f4729301af0>,
Cc1c(OC2CCN(CC3CCN(C(Cc4ccc(F)cc4)C(=O)O)CC3)CC2)ccc(C#N)c1Cl,1.67851837904,<rdkit.Chem.rdchem.Mol object at 0x7f4729301a80>,c1ccc(CCN2CCC(CN3CCC(Oc4ccccc4)CC3)CC2)cc1
CC(C)(C(=O)O)c1ccc(C(O)CCCN2CCC(C(O)(c3ccccc3)c3ccccc3)CC2)cc1,1.36530074864,<rdkit.Chem.rdchem.Mol object at 0x7f4729301a10>,c1ccc(CCCCN2CCC(C(c3ccccc3)c3ccccc3)CC2)cc1
CCOC(=O)Nc1ccc(NCc2ccc(F)cc2)cc1N,1.30276370847,<rdkit.Chem.rdchem.Mol object at 0x7f4729301930>,c1ccc(CNc2ccccc2)cc1
N#Cc1ccc2[nH]c(O)c(-c3ccc(CN4CCOCC4)cn3)c2c1,1.07250723553,<rdkit.Chem.rdchem.Mol object at 0x7f4729301850>,c1ccc2c(-c3ccc(CN4CCOCC4)cn3)c[nH]c2c1
O=C(NCC1CCC1)c1nc(OCCOCCO)ccc1NC(=O)c1ccnc2ccccc12,0.47712125472,<rdkit.Chem.rdchem.Mol object at 0x7f47293017e0>,O=C(NCC1CCC1)c1ncccc1NC(=O)c1ccnc2ccccc12
COc1cc2nc(N3CCN(C(=O)c4ccco4)CC3)nc(N)c2cc1OC,1.33425264233,<rdkit.Chem.rdchem.Mol object at 0x7f4729301700>,O=C(c1ccco1)N1CCN(c2ncc3ccccc3n2)CC1
O=C(O)c1ccc(-c2ccc(Cl)c(C(=O)NCC34CC5CC(CC(C5)C3)C4)c2)cc1,-0.130768280269,<rdkit.Chem.rdchem.Mol object at 0x7f4729301690>,O=C(NCC12CC3CC(CC(C3)C1)C2)c1cccc(-c2ccccc2)c1
CC(C)c1nc(CN(C)C(=O)NC(C(=O)N[C@@H](Cc2ccccc2)C[C@H](O)[C@H](Cc2ccccc2)NC(=O)OCc2cncs2)C(C)C)cs1,0.515873843712,<rdkit.Chem.rdchem.Mol object at 0x7f4729301540>,O=C(CNC(=O)NCc1cscn1)NC(CCC(Cc1ccccc1)NC(=O)OCc1cncs1)Cc1ccccc1
NC1C2CN(c3nc4c(cc3F)c(=O)c(C(=O)O)cn4-c3ccc(F)cc3F)CC12,0.922206277439,<rdkit.Chem.rdchem.Mol object at 0x7f47293013f0>,O=c1ccn(-c2ccccc2)c2nc(N3CC4CC4C3)ccc12
O=C(O)C(Cc1ccccc1)N1CCC(CN2CCC(Oc3ccc(Cl)c(Cl)c3)CC2)CC1,1.26221370548,<rdkit.Chem.rdchem.Mol object at 0x7f4729301310>,c1ccc(CCN2CCC(CN3CCC(Oc4ccccc4)CC3)CC2)cc1
COc1ccc(Cl)cc1C1(F)C(=O)Nc2cc(C(F)(F)F)ccc21,-0.823908740944,<rdkit.Chem.rdchem.Mol object at 0x7f47293012a0>,O=C1Nc2ccccc2C1c1ccccc1
COc1cc2ncnc(Nc3cccc(O)c3)c2cc1OC,0.650307523132,<rdkit.Chem.rdchem.Mol object at 0x7f47293011c0>,c1ccc(Nc2ncnc3ccccc23)cc1
Nc1ncnc2c1c(-c1ccc(Oc3ccccc3)cc1)nn2[C@@H]1CCCNC1,0.846275242412,<rdkit.Chem.rdchem.Mol object at 0x7f4729301150>,c1ccc(Oc2ccc(-c3nn(C4CCCNC4)c4ncncc34)cc2)cc1
C[C@@H](Oc1cc(-c2cnn(C3CCNCC3)c2)cnc1N)c1c(Cl)ccc(F)c1Cl,0.650307523132,<rdkit.Chem.rdchem.Mol object at 0x7f4729301070>,c1ccc(COc2cncc(-c3cnn(C4CCNCC4)c3)c2)cc1
CC1=C(CC(=O)NCc2ccc(C(=N)N)cc2)C(=O)N(NS(=O)(=O)c2c(C)cccc2Cl)CC1,1.73255457985,<rdkit.Chem.rdchem.Mol object at 0x7f4729301000>,O=C(CC1=CCCN(NS(=O)(=O)c2ccccc2)C1=O)NCc1ccccc1
Fc1ccc([C@@H]2CCNC[C@H]2COc2ccc3c(c2)OCO3)cc1,0.725911632295,<rdkit.Chem.rdchem.Mol object at 0x7f4729300f90>,c1ccc(C2CCNCC2COc2ccc3c(c2)OCO3)cc1
O=C(O)C[C@H](O)C[C@H](O)/C=C/c1c(C2CC2)nc2ccccc2c1-c1ccc(F)cc1,-0.193820026016,<rdkit.Chem.rdchem.Mol object at 0x7f4729300f20>,c1ccc(-c2cc(C3CC3)nc3ccccc23)cc1
Nc1nc2cc(C(=O)c3ccccc3)ccc2[nH]1,0.866877814337,<rdkit.Chem.rdchem.Mol object at 0x7f4729300eb0>,O=C(c1ccccc1)c1ccc2[nH]cnc2c1
Cn1cc(-c2ccncc2)c(-c2ccc(OCc3ccc4ccccc4n3)cc2)n1,-0.769551078622,<rdkit.Chem.rdchem.Mol object at 0x7f4729300e40>,c1ccc2nc(COc3ccc(-c4n[nH]cc4-c4ccncc4)cc3)ccc2c1
CN(C)CCCN1c2ccccc2CCc2ccccc21,1.23754373814,<rdkit.Chem.rdchem.Mol object at 0x7f4729300dd0>,c1ccc2c(c1)CCc1ccccc1N2
CCNC(=O)C[C@@H]1N=C(c2ccc(Cl)cc2)c2cc(OC)ccc2-n2c(C)nnc21,1.4965145187,<rdkit.Chem.rdchem.Mol object at 0x7f4729300d60>,c1ccc(C2=NCc3nncn3-c3ccccc32)cc1
CC(C)(C)NC(=O)C1C[C@@H]2CCCC[C@@H]2CN1C[C@@H](O)[C@H](Cc1ccccc1)NC(=O)C(CC(N)=O)NC(=O)c1ccc2ccccc2n1,-0.318758762624,<rdkit.Chem.rdchem.Mol object at 0x7f4729300cf0>,O=C(CNC(=O)c1ccc2ccccc2n1)NC(CCN1CCC2CCCCC2C1)Cc1ccccc1
O=C(CCCN1CC[Si](O)(c2ccc(Cl)cc2)CC1)c1ccc(F)cc1,0.735598899698,<rdkit.Chem.rdchem.Mol object at 0x7f4729300c80>,O=C(CCCN1CC[SiH](c2ccccc2)CC1)c1ccccc1
COc1ccccc1CCNCc1cccc(CCNC[C@H](O)c2ccc(O)c3[nH]c(=O)sc23)c1,0.922206277439,<rdkit.Chem.rdchem.Mol object at 0x7f4729300c10>,O=c1[nH]c2cccc(CCNCCc3cccc(CNCCc4ccccc4)c3)c2s1
Nc1nc2ccc(F)cc2s1,1.39585037602,<rdkit.Chem.rdchem.Mol object at 0x7f4729300b30>,c1ccc2scnc2c1
CN1CCc2cc(Cl)c(O)cc2C(c2ccccc2)C1,1.22942584792,<rdkit.Chem.rdchem.Mol object at 0x7f4729300ac0>,c1ccc(C2CNCCc3ccccc32)cc1
O=C(NCc1ccccn1)c1cc(-c2ccccc2)nc2ccccc12,0.301029995664,<rdkit.Chem.rdchem.Mol object at 0x7f4729300a50>,O=C(NCc1ccccn1)c1cc(-c2ccccc2)nc2ccccc12
C[S+]([O-])Cc1ccc(C(=O)Nc2ccc(OCCOCCO)nc2C(=O)NCC2CCC2)c2ccccc12,0.535294120043,<rdkit.Chem.rdchem.Mol object at 0x7f47293009e0>,O=C(NCC1CCC1)c1ncccc1NC(=O)c1cccc2ccccc12
O=C(NCC12CC3CC(CC(C3)C1)C2)c1cc(CN2CCNCC2)ccc1Cl,0.792391689498,<rdkit.Chem.rdchem.Mol object at 0x7f4729300970>,O=C(NCC12CC3CC(CC(C3)C1)C2)c1cccc(CN2CCNCC2)c1
CC(C)C(NC(=O)c1ccccc1)C(=O)c1ccc(C#N)cc1,1.09272064468,<rdkit.Chem.rdchem.Mol object at 0x7f4729300900>,O=C(CNC(=O)c1ccccc1)c1ccccc1
CN(C)N(C)C(=O)[C@@]1(Cc2ccccc2)CCCN(C(=O)C(Cc2c[nH]c3ccccc23)NC(=O)C(C)(C)N)C1,1.20411998266,<rdkit.Chem.rdchem.Mol object at 0x7f4729300890>,O=C(CCc1c[nH]c2ccccc12)N1CCCC(Cc2ccccc2)C1
COc1cccc2sc(NC(=O)c3ccccc3)nc12,0.00432137378264,<rdkit.Chem.rdchem.Mol object at 0x7f47293007b0>,O=C(Nc1nc2ccccc2s1)c1ccccc1
CCOc1cc(CN2CCC(NC(=O)c3cncc(C)c3)CC2)cc(OCC)c1-c1ccc(F)cc1,0.0755469613925,<rdkit.Chem.rdchem.Mol object at 0x7f4729300740>,O=C(NC1CCN(Cc2ccc(-c3ccccc3)cc2)CC1)c1cccnc1
CCN(CCO)C(=O)c1oc2cccnc2c1-c1cccc(C(F)(F)F)c1,1.14457420761,<rdkit.Chem.rdchem.Mol object at 0x7f47293006d0>,c1ccc(-c2coc3cccnc23)cc1
CC(C)Oc1cc(Nc2nc(N[C@@H](C)c3ccc(F)cc3)nc(NC(CO)CO)c2Cl)[nH]n1,0.631443769013,<rdkit.Chem.rdchem.Mol object at 0x7f4729300660>,c1ccc(CNc2nccc(Nc3ccn[nH]3)n2)cc1
CC(C(=O)O[C@@H]1CC[N+](C)(C)C1)(c1ccccc1)C1CCCC1,1.47567118832,<rdkit.Chem.rdchem.Mol object at 0x7f4729300580>,O=C(OC1CC[NH2+]C1)C(c1ccccc1)C1CCCC1
CC(C)(C)OC(=O)NC[C@H]1CC[C@H](CNC(=O)c2cc(-c3ccc(CN)cc3)nc3ccccc23)CC1,0.143014800254,<rdkit.Chem.rdchem.Mol object at 0x7f4729300510>,O=C(NCC1CCCCC1)c1cc(-c2ccccc2)nc2ccccc12
CCC1(C2=NCCN2)Cc2ccccc2O1,1.8806421264,<rdkit.Chem.rdchem.Mol object at 0x7f4729300430>,c1ccc2c(c1)CC(C1=NCCN1)O2
CC(C)(C)NS(=O)(=O)c1cncc(-c2ccc3nc(NC(=O)NCC(=O)N4CCCC4)nn3c2)c1,1.36530074864,<rdkit.Chem.rdchem.Mol object at 0x7f4729300350>,O=C(NCC(=O)N1CCCC1)Nc1nc2ccc(-c3cccnc3)cn2n1
CC(C)(Oc1ccc(-c2cnc(N)c(-c3ccc(Cl)cc3)c2)cc1)C(=O)O,-1.40340290437,<rdkit.Chem.rdchem.Mol object at 0x7f47293002e0>,c1ccc(-c2cncc(-c3ccccc3)c2)cc1
CN(Cc1ccc(-c2ccccc2S(N)(=O)=O)cc1)C(=O)C1CCCC1C(=O)NCc1ccc(OC(F)(F)F)cc1,-0.52287874528,<rdkit.Chem.rdchem.Mol object at 0x7f4729300270>,O=C(NCc1ccccc1)C1CCCC1C(=O)NCc1ccc(-c2ccccc2)cc1
Cc1ccc(S(=O)(=O)Nc2c(C(=O)NCc3ccccc3)cnn2-c2ccccc2)cc1,-0.180456064458,<rdkit.Chem.rdchem.Mol object at 0x7f4729300190>,O=C(NCc1ccccc1)c1cnn(-c2ccccc2)c1NS(=O)(=O)c1ccccc1
CC(C)(C)NC(=O)NCCN1CCC(CO)(CNC(=O)c2cc(Cl)cc(Cl)c2)CC1,1.30276370847,<rdkit.Chem.rdchem.Mol object at 0x7f4729300120>,O=C(NCC1CCNCC1)c1ccccc1
O=C(Nc1ccccc1)Nc1nc(-c2ccccc2)cs1,-1.30102999566,<rdkit.Chem.rdchem.Mol object at 0x7f47293000b0>,O=C(Nc1ccccc1)Nc1nc(-c2ccccc2)cs1
COc1ccc(C2CNC(=O)C2)cc1OC1CCCC1,1.51693180887,<rdkit.Chem.rdchem.Mol object at 0x7f47292fff40>,O=C1CC(c2cccc(OC3CCCC3)c2)CN1
COCC(C)n1nc(C)c(C(=O)N[C@@H](C)C(C)(C)C)c1NS(=O)(=O)c1ccc(C)cc1,1.14457420761,<rdkit.Chem.rdchem.Mol object at 0x7f47292ffed0>,O=S(=O)(Nc1ccn[nH]1)c1ccccc1
CC(C(=O)O)c1cccc(C(=O)c2ccccc2)c1,0.0472748673842,<rdkit.Chem.rdchem.Mol object at 0x7f47292ffe60>,O=C(c1ccccc1)c1ccccc1
CCO/N=C/c1ccc(OCCC2CCN(c3ccc(C)nn3)CC2)cc1,-0.468521082958,<rdkit.Chem.rdchem.Mol object at 0x7f47292ffdf0>,c1ccc(OCCC2CCN(c3cccnn3)CC2)cc1
Cc1ccc(C)c(OCCCC(C)(C)C(=O)O)c1,0.184691430818,<rdkit.Chem.rdchem.Mol object at 0x7f47292ffd80>,c1ccccc1
C[C@]12Cc3cnn(-c4ccc(F)cc4)c3C=C1CC[C@@]2(O)CCc1ccc(F)cc1C(N)=O,-0.337242168318,<rdkit.Chem.rdchem.Mol object at 0x7f47292ffd10>,C1=C2CCC(CCc3ccccc3)C2Cc2cnn(-c3ccccc3)c21
O=C(NCc1cccc(F)c1)NC1CCN(Cc2ccn(-c3ccc(C(F)(F)F)cc3)c2)CC1,0.350248018334,<rdkit.Chem.rdchem.Mol object at 0x7f47292ffb50>,O=C(NCc1ccccc1)NC1CCN(Cc2ccn(-c3ccccc3)c2)CC1
Cc1ccc(S(=O)(=O)NCCSc2nnnn2-c2ccc(C(N)=O)cc2)cc1,1.27852496474,<rdkit.Chem.rdchem.Mol object at 0x7f47292ffae0>,O=S(=O)(NCCSc1nnnn1-c1ccccc1)c1ccccc1
O=C(O)c1cc(O)cc(O)c1,1.91587450286,<rdkit.Chem.rdchem.Mol object at 0x7f47292ffa70>,c1ccccc1
CCCn1c(=O)[nH]c(=O)c2[nH]cnc21,1.32654066852,<rdkit.Chem.rdchem.Mol object at 0x7f47292ffa00>,O=c1[nH]c(=O)c2[nH]cnc2[nH]1
CS(=O)(=O)c1ccc(-c2cc(C(F)(F)F)ccc2OCC(=O)O)c(Cl)c1,0.698100545623,<rdkit.Chem.rdchem.Mol object at 0x7f47292ff920>,c1ccc(-c2ccccc2)cc1
N#Cc1cc(F)c(NS(=O)(=O)c2c[nH]c3cc(Cl)ccc23)cc1F,-0.251811972994,<rdkit.Chem.rdchem.Mol object at 0x7f47292ff8b0>,O=S(=O)(Nc1ccccc1)c1c[nH]c2ccccc12
C=CCN(C)CCCCCCOc1ccc(C(=O)c2ccc(Br)cc2)c(F)c1,-1.22184874962,<rdkit.Chem.rdchem.Mol object at 0x7f47292ff840>,O=C(c1ccccc1)c1ccccc1
Cc1nnc(-c2ccc(N3CCC(Oc4cc(F)ccc4Cl)CC3)nn2)o1,-0.0861861476163,<rdkit.Chem.rdchem.Mol object at 0x7f47292ff7d0>,c1ccc(OC2CCN(c3ccc(-c4nnco4)nn3)CC2)cc1
Cc1ccc(-c2nc3ccccc3[nH]2)cc1NC(=O)c1ccc(OCc2ccccn2)cc1,0.725911632295,<rdkit.Chem.rdchem.Mol object at 0x7f47292ff760>,O=C(Nc1cccc(-c2nc3ccccc3[nH]2)c1)c1ccc(OCc2ccccn2)cc1
COCCN(c1cccnc1)P(=O)(c1ccccc1)c1ccccc1,1.57518784493,<rdkit.Chem.rdchem.Mol object at 0x7f47292ff6f0>,O=P(Nc1cccnc1)(c1ccccc1)c1ccccc1
CCCCNC(=O)c1ccc(Oc2ccc(CC(=O)O)cc2OC)c(NS(=O)(=O)c2ccc(Cl)cc2Cl)c1,-0.721246399047,<rdkit.Chem.rdchem.Mol object at 0x7f47292ff610>,O=S(=O)(Nc1ccccc1Oc1ccccc1)c1ccccc1
O=c1[nH]ccc2c(S(=O)(=O)N3CCCNCC3)cccc12,1.99081374341,<rdkit.Chem.rdchem.Mol object at 0x7f47292ff530>,O=c1[nH]ccc2c(S(=O)(=O)N3CCCNCC3)cccc12
O=C(CC12CC3CC(CC(C3)C1)C2)Nc1cccc2c(=O)n(C[C@H]3CCCN3)ccc12,1.17897694729,<rdkit.Chem.rdchem.Mol object at 0x7f47292ff4c0>,O=C(CC12CC3CC(CC(C3)C1)C2)Nc1cccc2c(=O)n(CC3CCCN3)ccc12
COc1ccc(CC(C)(C)NC[C@H](O)c2cc(O)cc3c2OCC(=O)N3)cc1,1.64610952198,<rdkit.Chem.rdchem.Mol object at 0x7f47292ff450>,O=C1COc2c(CCNCCc3ccccc3)cccc2N1
CNCCCC12CCC(c3ccccc31)c1ccccc12,0.894316062684,<rdkit.Chem.rdchem.Mol object at 0x7f47292ff3e0>,c1ccc2c(c1)C1CCC2c2ccccc21
C[C@@](C(=O)OC1CC[N+](C)(C)CC1)(c1ccccc1)C1CCCC1,1.58759872972,<rdkit.Chem.rdchem.Mol object at 0x7f47292ff290>,O=C(OC1CC[NH2+]CC1)C(c1ccccc1)C1CCCC1
CCc1nc(C)cn2nc(-c3cc(=O)n4cc(C5CCN(C)CC5)cc(C)c4n3)cc12,0.59361830813,<rdkit.Chem.rdchem.Mol object at 0x7f47292ff220>,O=c1cc(-c2cc3cnccn3n2)nc2ccc(C3CCNCC3)cn12
COc1ccc2cc(S(=O)(=O)N[C@H](CC(=O)NC(Cc3ccc(CN4[C@H](C)CCC[C@@H]4C)cc3)C(=O)N(C)C(C)C)c3ccc4c(c3)OCO4)ccc2c1,0.650307523132,<rdkit.Chem.rdchem.Mol object at 0x7f47292ff1b0>,O=C(CC(NS(=O)(=O)c1ccc2ccccc2c1)c1ccc2c(c1)OCO2)NCCc1ccc(CN2CCCCC2)cc1
CC(C)(C)C(O)C(=O)N1CCCC1C(=O)NCc1cc(Cl)ccc1CN,1.69897000434,<rdkit.Chem.rdchem.Mol object at 0x7f47292ff140>,O=C(NCc1ccccc1)C1CCCN1
Cc1ncsc1C(=O)N1CCCCC1c1nc(N(C)C)ncc1-c1cccc(Cl)c1,0.0216027160282,<rdkit.Chem.rdchem.Mol object at 0x7f47292ff060>,O=C(c1cncs1)N1CCCCC1c1ncncc1-c1ccccc1
O=C(CCCN1CCC(O)(c2cccc(C(F)(F)F)c2)CC1)c1ccc(F)cc1,1.03941411918,<rdkit.Chem.rdchem.Mol object at 0x7f47292fef80>,O=C(CCCN1CCC(c2ccccc2)CC1)c1ccccc1
Cc1ncsc1C(=O)N1CCCCC1c1nc(N)ncc1-c1cccc(C(F)(F)F)c1,0.862548769525,<rdkit.Chem.rdchem.Mol object at 0x7f47292fef10>,O=C(c1cncs1)N1CCCCC1c1ncncc1-c1ccccc1
CC1(CCCc2cc(=O)oc3[nH]c(=O)[nH]c(=O)c23)CC1,0.173186268412,<rdkit.Chem.rdchem.Mol object at 0x7f47292fedc0>,O=c1[nH]c(=O)c2c(CCCC3CC3)cc(=O)oc2[nH]1
Cc1nn(C2CCCCC2)c(N)c1-c1ccccc1,1.00389116624,<rdkit.Chem.rdchem.Mol object at 0x7f47292fed50>,c1ccc(-c2cnn(C3CCCCC3)c2)cc1
Cc1ccc(Sc2ccccc2CN(C)C)c(N)c1,0.967547976219,<rdkit.Chem.rdchem.Mol object at 0x7f47292fece0>,c1ccc(Sc2ccccc2)cc1
COc1cc(NC(=O)Nc2cccc(CNC(=O)O[C@H]3CCOC3)c2)ccc1-c1cnco1,-0.0555173278498,<rdkit.Chem.rdchem.Mol object at 0x7f47292feab0>,O=C(Nc1ccc(-c2cnco2)cc1)Nc1cccc(CNC(=O)OC2CCOC2)c1
CC(=O)NC[C@H]1CN(c2ccc(N3CCOCC3)c(F)c2)C(=O)O1,1.8899736384,<rdkit.Chem.rdchem.Mol object at 0x7f47292fea40>,O=C1OCCN1c1ccc(N2CCOCC2)cc1
c1ccc2c(c1)CC(N1CCN(c3cccc4c3OCCO4)CC1)C2,0.631443769013,<rdkit.Chem.rdchem.Mol object at 0x7f47292fe880>,c1ccc2c(c1)CC(N1CCN(c3cccc4c3OCCO4)CC1)C2
CNC(=O)C1(Cc2ccc(-c3ccncc3)cc2)CCN(Cc2cccc(F)c2)C1,0.715167357848,<rdkit.Chem.rdchem.Mol object at 0x7f47292fe810>,c1ccc(CN2CCC(Cc3ccc(-c4ccncc4)cc3)C2)cc1
Nc1ncc(-c2cccc(C(F)(F)F)c2)c(C2CCCCN2C(=O)c2ccccc2)n1,0.137354111371,<rdkit.Chem.rdchem.Mol object at 0x7f47292fe730>,O=C(c1ccccc1)N1CCCCC1c1ncncc1-c1ccccc1
N#CC[C@H](C1CCCC1)n1cc(-c2ncnc3[nH]ccc23)cn1,1.23754373814,<rdkit.Chem.rdchem.Mol object at 0x7f47292fe6c0>,c1nc(-c2cnn(CC3CCCC3)c2)c2cc[nH]c2n1
Cc1cc(CN2Cc3ccccc3C2C(=O)Nc2ccc(Cl)cc2Cl)ccc1OCC(=O)O,-0.853871964322,<rdkit.Chem.rdchem.Mol object at 0x7f47292fe650>,O=C(Nc1ccccc1)C1c2ccccc2CN1Cc1ccccc1
COCCOC(=O)C1=C(C)N=C(C)C(C(=O)OC(C)C)C1c1cccc([N+](=O)[O-])c1,0.243038048686,<rdkit.Chem.rdchem.Mol object at 0x7f47292fe5e0>,C1=CC(c2ccccc2)CC=N1
O=C(NC(Cc1ccc(Cl)cc1)C(=O)N1CCC(Cn2cncn2)(C2CCCCC2)CC1)C1Cc2ccccc2CN1,-0.283996656365,<rdkit.Chem.rdchem.Mol object at 0x7f47292fe490>,O=C(NC(Cc1ccccc1)C(=O)N1CCC(Cn2cncn2)(C2CCCCC2)CC1)C1Cc2ccccc2CN1
O=C(O)c1cccnc1,1.73711309431,<rdkit.Chem.rdchem.Mol object at 0x7f47292fe340>,c1ccncc1
O=c1cc(N2CCOCC2)[nH]c(NCc2cccc3ccccc23)n1,0.399673721481,<rdkit.Chem.rdchem.Mol object at 0x7f47292fe2d0>,O=c1cc(N2CCOCC2)[nH]c(NCc2cccc3ccccc23)n1
CCC(CC)NC(=O)c1c(C)nn(C(C)C)c1NS(=O)(=O)c1ccc(C)cc1,0.949390006645,<rdkit.Chem.rdchem.Mol object at 0x7f47292fe260>,O=S(=O)(Nc1ccn[nH]1)c1ccccc1
O=S(=O)(Nc1ncns1)c1cc(F)c(Oc2ccc(Cl)cc2-c2ccnn2C2CNC2)cc1F,0.725911632295,<rdkit.Chem.rdchem.Mol object at 0x7f47292fe1f0>,O=S(=O)(Nc1ncns1)c1ccc(Oc2ccccc2-c2ccnn2C2CNC2)cc1
COc1ncc(-c2cccc(F)c2CCNC(=O)c2ccc(OCCC(F)(F)F)nc2)cn1,0.829946695942,<rdkit.Chem.rdchem.Mol object at 0x7f47292fe110>,O=C(NCCc1ccccc1-c1cncnc1)c1cccnc1
COCc1c(-c2ccc(F)cc2)c(=CC[C@@H](O)C[C@@H](O)CC(=O)O)c(C(C)C)nc1=C(C)C,0.707570176098,<rdkit.Chem.rdchem.Mol object at 0x7f47292fdfc0>,C=c1cc(-c2ccccc2)c(=C)cn1
COc1cc(C(C)C)c(Oc2cnc(NC(CO)CO)nc2N)cc1I,0.447158031342,<rdkit.Chem.rdchem.Mol object at 0x7f47292fdf50>,c1ccc(Oc2cncnc2)cc1
CCCN(c1cccc(C#N)c1)P(=O)(c1ccccc1)c1ccccc1,0.801403710017,<rdkit.Chem.rdchem.Mol object at 0x7f47292fdc40>,O=P(Nc1ccccc1)(c1ccccc1)c1ccccc1
CS(=O)(=O)c1ccc(-c2cc(Cl)ccc2OCC(=O)O)c(Cl)c1,0.54406804435,<rdkit.Chem.rdchem.Mol object at 0x7f47292fdbd0>,c1ccc(-c2ccccc2)cc1
O=C(CC1CCN(Cc2ccn(-c3ccc(C(F)(F)F)cn3)c2)CC1)NC(c1ccc(F)cc1)c1ccc(F)cc1,-0.481486060122,<rdkit.Chem.rdchem.Mol object at 0x7f47292fdb60>,O=C(CC1CCN(Cc2ccn(-c3ccccn3)c2)CC1)NC(c1ccccc1)c1ccccc1
Cc1nccc(-c2cn(Cc3ccccc3)c3cnccc23)n1,1.20744585398,<rdkit.Chem.rdchem.Mol object at 0x7f47292fdaf0>,c1ccc(Cn2cc(-c3ccncn3)c3ccncc32)cc1
N#Cc1cc(S(=O)(=O)Nc2ncns2)ccc1Oc1ccc(C(F)(F)F)cc1-c1ccnnc1,0.320146286111,<rdkit.Chem.rdchem.Mol object at 0x7f47292fda80>,O=S(=O)(Nc1ncns1)c1ccc(Oc2ccccc2-c2ccnnc2)cc1
CCn1c(-c2nonc2N)nc2cnc(Oc3cccc(NC(=O)c4ccc(OCCN5CCOCC5)cc4)c3)cc21,-0.325138859262,<rdkit.Chem.rdchem.Mol object at 0x7f47292fda10>,O=C(Nc1cccc(Oc2cc3[nH]c(-c4cnon4)nc3cn2)c1)c1ccc(OCCN2CCOCC2)cc1
COc1ccc(CCN2C(=O)N(NS(C)(=O)=O)C[C@H]2c2ccc(OC)cc2)cc1,0.754348335711,<rdkit.Chem.rdchem.Mol object at 0x7f47292fd930>,O=C1NCC(c2ccccc2)N1CCc1ccccc1
C[C@@](C(=O)O[C@H]1C[N+]2(CCc3ccccc3)CCC1CC2)(c1ccccc1)N1CCCCC1,1.34222522936,<rdkit.Chem.rdchem.Mol object at 0x7f47292fd850>,O=C(OC1C[N+]2(CCc3ccccc3)CCC1CC2)C(c1ccccc1)N1CCCCC1
Cc1nn(-c2ccc(F)cc2)c(NS(=O)(=O)c2ccc(C#N)cc2)c1C(=O)N[C@@H](C)C(C)(C)C,0.903632516084,<rdkit.Chem.rdchem.Mol object at 0x7f47292fd770>,O=S(=O)(Nc1ccnn1-c1ccccc1)c1ccccc1
O=C(c1cccc(N2Cc3cccc(Cl)c3C2=O)c1)N1CCC2(CC1)CCN(c1ccncc1)CC2,0.621176281775,<rdkit.Chem.rdchem.Mol object at 0x7f47292fd700>,O=C(c1cccc(N2Cc3ccccc3C2=O)c1)N1CCC2(CC1)CCN(c1ccncc1)CC2
CC(C(=O)O)c1cccc(C(=O)c2ccccc2)c1,-0.193820026016,<rdkit.Chem.rdchem.Mol object at 0x7f47292fd620>,O=C(c1ccccc1)c1ccccc1
COc1ccccc1Cn1c(O)c2ccccc2c1C(=O)NC1CCC(C)CC1,0.985875357308,<rdkit.Chem.rdchem.Mol object at 0x7f47292fd5b0>,O=C(NC1CCCCC1)c1c2ccccc2cn1Cc1ccccc1
CN(C)CCC=C1c2ccccc2COc2ccccc21,1.31069331234,<rdkit.Chem.rdchem.Mol object at 0x7f47292fd540>,C=C1c2ccccc2COc2ccccc21
O=C1CCc2ccc(OCCCCN3CCN(c4cccc(Cl)c4Cl)CC3)cc2N1,-1.04575749056,<rdkit.Chem.rdchem.Mol object at 0x7f47292fd4d0>,O=C1CCc2ccc(OCCCCN3CCN(c4ccccc4)CC3)cc2N1
O=C(O)c1cc(-c2ccc(F)cc2F)ccc1O,-0.744727494897,<rdkit.Chem.rdchem.Mol object at 0x7f47292fd460>,c1ccc(-c2ccccc2)cc1
NC(=O)C(c1ccccc1)(c1ccccc1)[C@@H]1CCN(CCc2ccc3c(c2)CCO3)C1,0.894316062684,<rdkit.Chem.rdchem.Mol object at 0x7f47292fd3f0>,c1ccc(C(c2ccccc2)C2CCN(CCc3ccc4c(c3)CCO4)C2)cc1
CC(C)c1ccc(NC(=O)Cn2cnc3c2c(=O)n(C)c(=O)n3C)cc1,1.09272064468,<rdkit.Chem.rdchem.Mol object at 0x7f47292fd380>,O=C(Cn1cnc2[nH]c(=O)[nH]c(=O)c21)Nc1ccccc1
Cc1cc(Nc2nc(N[C@@H](C)c3ncc(F)cn3)c(C#N)nc2C)[nH]n1,1.54332290065,<rdkit.Chem.rdchem.Mol object at 0x7f47292fd310>,c1cnc(CNc2cncc(Nc3ccn[nH]3)n2)nc1
CCCNCC(O)COc1ccccc1C(=O)CCc1ccccc1,0.611723308007,<rdkit.Chem.rdchem.Mol object at 0x7f47292fd2a0>,O=C(CCc1ccccc1)c1ccccc1
N[C@H]1CCN(c2c(Cl)cccc2/C=C2\SC(=O)NC2=O)C1,0.669316880566,<rdkit.Chem.rdchem.Mol object at 0x7f47292fd230>,O=C1NC(=O)C(=Cc2ccccc2N2CCCC2)S1
O=c1[nH]c2c(O)ccc([C@@H](O)CN[C@H]3CCC[C@@H]3OCc3ccccc3)c2s1,1.25406445291,<rdkit.Chem.rdchem.Mol object at 0x7f47292fd150>,O=c1[nH]c2cccc(CCNC3CCCC3OCc3ccccc3)c2s1
COc1cccc2c1c(NS(=O)(=O)c1ccc(Cl)s1)nn2Cc1cccc(CNC(C)=O)c1,-0.552841968658,<rdkit.Chem.rdchem.Mol object at 0x7f47292fd0e0>,O=S(=O)(Nc1nn(Cc2ccccc2)c2ccccc12)c1cccs1
N#C[C@@]1(NC(=O)C(N)Cc2cccs2)C[C@@H]1c1ccccc1,1.53681086599,<rdkit.Chem.rdchem.Mol object at 0x7f47292fd070>,O=C(CCc1cccs1)NC1CC1c1ccccc1
COc1cc(C(C)C)c(Oc2cnc(N)nc2N)cc1I,0.583198773969,<rdkit.Chem.rdchem.Mol object at 0x7f47292fd000>,c1ccc(Oc2cncnc2)cc1
O=C(Nc1c(Cl)cncc1Cl)c1ccc(OC(F)F)c(OCC2CC2)c1,0.0569048513365,<rdkit.Chem.rdchem.Mol object at 0x7f47292fcf90>,O=C(Nc1ccncc1)c1cccc(OCC2CC2)c1
CCOc1cc2ncc(C(N)=O)c(Nc3ccc(C)cc3F)c2cc1N1CCN(C)CC1,1.17897694729,<rdkit.Chem.rdchem.Mol object at 0x7f47292fceb0>,c1ccc(Nc2ccnc3ccc(N4CCNCC4)cc23)cc1
O=C(NCc1cccnc1OCC(F)(F)F)c1cncc(-c2ccc(Cl)cc2)c1,-0.886056647693,<rdkit.Chem.rdchem.Mol object at 0x7f47292fcd60>,O=C(NCc1cccnc1)c1cncc(-c2ccccc2)c1
O=C(O)COc1ccc(Cl)cc1CN1CCN(S(=O)(=O)c2ccccc2)CC1,1.11892575283,<rdkit.Chem.rdchem.Mol object at 0x7f47292fccf0>,O=S(=O)(c1ccccc1)N1CCN(Cc2ccccc2)CC1
Cc1nn(-c2ccc(F)cc2)c(NS(=O)(=O)c2ccc(C(F)(F)F)cc2)c1C(=O)N[C@@H](C)C(C)(C)C,0.466867620354,<rdkit.Chem.rdchem.Mol object at 0x7f47292fcc80>,O=S(=O)(Nc1ccnn1-c1ccccc1)c1ccccc1
N#Cc1ccc2ccc(=O)n(CCN3CC[C@H](NCc4cc5c(cn4)OCCO5)[C@H](O)C3)c2c1,1.86545932266,<rdkit.Chem.rdchem.Mol object at 0x7f47292fcb30>,O=c1ccc2ccccc2n1CCN1CCC(NCc2cc3c(cn2)OCCO3)CC1
CC(=O)N[C@H](C)c1ccc(Nc2ncc3cc(-c4ccncc4)ccc3n2)cc1,0.725911632295,<rdkit.Chem.rdchem.Mol object at 0x7f47292fca50>,c1ccc(Nc2ncc3cc(-c4ccncc4)ccc3n2)cc1
NC(=O)c1cncc(-c2ccc([C@H]3CC[C@H](CCO)CC3)cc2)n1,0.113943352307,<rdkit.Chem.rdchem.Mol object at 0x7f47292fc9e0>,c1cnc(-c2ccc(C3CCCCC3)cc2)cn1
CCC(CC)NC(=O)c1c(C)nn(-c2ccccc2)c1NS(=O)(=O)c1ccc(C)cc1,0.47712125472,<rdkit.Chem.rdchem.Mol object at 0x7f47292fc970>,O=S(=O)(Nc1ccnn1-c1ccccc1)c1ccccc1
CC(NC(=O)C(Cc1c[nH]c2ccccc12)NC(=O)C(N)Cc1c[nH]cn1)C(=O)NC(Cc1c[nH]c2ccccc12)C(=O)NC(Cc1ccccc1)C(=O)NC(CCCCN)C(N)=O,1.41813549843,<rdkit.Chem.rdchem.Mol object at 0x7f47292fc900>,O=C(CCc1c[nH]cn1)NC(Cc1c[nH]c2ccccc12)C(=O)NCC(=O)NC(Cc1c[nH]c2ccccc12)C(=O)NCCc1ccccc1
COc1cc2nc(-c3cc(F)ccc3O)nc(N[C@@H]3CNC[C@H]3C(C)(C)O)c2cc1OC,0.0,<rdkit.Chem.rdchem.Mol object at 0x7f47292fc890>,c1ccc(-c2nc(NC3CCNC3)c3ccccc3n2)cc1
O=C(CO)N1CCC(c2[nH]nc(-c3ccc(Cl)cc3F)c2-c2ccncn2)CC1,1.5101426994,<rdkit.Chem.rdchem.Mol object at 0x7f47292fc7b0>,c1ccc(-c2n[nH]c(C3CCNCC3)c2-c2ccncn2)cc1
CC(C)(O)CCn1cc2cc(NC(=O)c3cccc(C(F)(F)F)n3)c(C(C)(C)O)cc2n1,1.09226436079,<rdkit.Chem.rdchem.Mol object at 0x7f47292fc740>,O=C(Nc1ccc2n[nH]cc2c1)c1ccccn1
C[C@@H]1CN(C(=O)NC(Cc2ccc(F)cc2)C(=O)N2CCC(C(=O)NC(C)(C)C)(C3CCCCC3)CC2)C[C@H](C)N1,0.940516484933,<rdkit.Chem.rdchem.Mol object at 0x7f47292fc6d0>,O=C(NC(Cc1ccccc1)C(=O)N1CCC(C2CCCCC2)CC1)N1CCNCC1
Clc1ccc2c(c1)C(N1CCNCC1)=Nc1ccccc1O2,1.00389116624,<rdkit.Chem.rdchem.Mol object at 0x7f47292fc660>,c1ccc2c(c1)N=C(N1CCNCC1)c1ccccc1O2
COc1cc(F)ccc1-c1ncnc(Nc2cccc(CS(C)(=N)=O)c2)n1,1.57460994134,<rdkit.Chem.rdchem.Mol object at 0x7f47292fc5f0>,c1ccc(Nc2ncnc(-c3ccccc3)n2)cc1
Cc1c(Cl)ccc2cc3n(c12)[C@@H](C)CNC3=O,0.696793085082,<rdkit.Chem.rdchem.Mol object at 0x7f47292fc580>,O=C1NCCn2c1cc1ccccc12
C[C@@H](NC(=O)Cc1ccc(C2CC2)cc1)c1ccc(OCC(F)(F)F)cn1,-0.356547323514,<rdkit.Chem.rdchem.Mol object at 0x7f47292fc270>,O=C(Cc1ccc(C2CC2)cc1)NCc1ccccn1
COc1nc(C)nc(Cl)c1NC1=NCCN1,1.94738470168,<rdkit.Chem.rdchem.Mol object at 0x7f47292fc200>,c1ncc(NC2=NCCN2)cn1
Nc1ncc(C(=O)NC2CN(C(=O)C3CC3)C2)c2ccc(-c3cccc(F)c3)nc12,0.382197210377,<rdkit.Chem.rdchem.Mol object at 0x7f47292fc190>,O=C(NC1CN(C(=O)C2CC2)C1)c1cncc2nc(-c3ccccc3)ccc12
CCC[C@H](CO)Nc1nc(S[C@@H](C)c2cccc(C#N)c2)nc2[nH]c(=O)sc12,-1.09691001301,<rdkit.Chem.rdchem.Mol object at 0x7f47292fc040>,O=c1[nH]c2nc(SCc3ccccc3)ncc2s1
COc1ncc(-c2cccc(C#N)c2CCNC(=O)c2ccc(OCCC(F)(F)F)nc2)cn1,1.14457420761,<rdkit.Chem.rdchem.Mol object at 0x7f47292fbf40>,O=C(NCCc1ccccc1-c1cncnc1)c1cccnc1
Nc1nc(=O)c2ncn(COCCO)c2[nH]1,1.85086057307,<rdkit.Chem.rdchem.Mol object at 0x7f47292fbed0>,O=c1nc[nH]c2[nH]cnc12
Cc1nc(C(F)F)c(C(N)=O)nc1-c1ccc(C2CCC(CC(=O)O)CC2)cc1,0.583198773969,<rdkit.Chem.rdchem.Mol object at 0x7f47292fbe60>,c1cnc(-c2ccc(C3CCCCC3)cc2)cn1
COc1ccc(OC(F)(F)F)cc1CN[C@H]1CCCN[C@H]1c1ccccc1,0.967547976219,<rdkit.Chem.rdchem.Mol object at 0x7f47292fbd80>,c1ccc(CNC2CCCNC2c2ccccc2)cc1
C#CC(C)(CC)NC(=O)c1cc(F)cnc1NC1CC(F)(F)C1,0.850278552518,<rdkit.Chem.rdchem.Mol object at 0x7f47292fbca0>,c1ccc(NC2CCC2)nc1
Nc1nc(-c2nn(Cc3ccccc3F)c3ncccc23)nc(N)c1N1CCOCC1,1.06632592536,<rdkit.Chem.rdchem.Mol object at 0x7f47292fbc30>,c1ccc(Cn2nc(-c3ncc(N4CCOCC4)cn3)c3cccnc32)cc1
O=C(CN1CCN(Cc2ccn(-c3ccc(C(F)(F)F)cn3)c2)CC1)NC(c1ccc(F)cc1)c1ccc(F)cc1,-0.958607314842,<rdkit.Chem.rdchem.Mol object at 0x7f47292fbbc0>,O=C(CN1CCN(Cc2ccn(-c3ccccn3)c2)CC1)NC(c1ccccc1)c1ccccc1
O=C(NCc1ccc(OC(F)(F)F)cc1)c1c2ccccc2c(O)n1C1CCC(F)(F)CC1,0.535294120043,<rdkit.Chem.rdchem.Mol object at 0x7f47292fbb50>,O=C(NCc1ccccc1)c1c2ccccc2cn1C1CCCCC1
Cc1ccc(C(=O)N2CCC(Cc3ccccc3-c3ccccc3)(C(=O)N(C)C)CC2)s1,-0.590066876669,<rdkit.Chem.rdchem.Mol object at 0x7f47292fbae0>,O=C(c1cccs1)N1CCC(Cc2ccccc2-c2ccccc2)CC1
Cc1ccc(C(=O)c2ccc(CC(=O)O)n2C)cc1,0.457881896734,<rdkit.Chem.rdchem.Mol object at 0x7f47292fba70>,O=C(c1ccccc1)c1ccc[nH]1
CCOc1cc2ncc(C(N)=O)c(Nc3cccc(Cl)c3F)c2cc1N1CCN(C)CC1,1.12742877785,<rdkit.Chem.rdchem.Mol object at 0x7f47292fba00>,c1ccc(Nc2ccnc3ccc(N4CCNCC4)cc23)cc1
O=C(NCCc1ccccc1)c1cc(-n2ncc(=O)[nH]c2=O)ccc1Cl,0.592176757396,<rdkit.Chem.rdchem.Mol object at 0x7f47292fb920>,O=C(NCCc1ccccc1)c1cccc(-n2ncc(=O)[nH]c2=O)c1
NC(=O)c1ccc(-n2nnnc2Oc2ccc(Br)cc2)cc1,0.940516484933,<rdkit.Chem.rdchem.Mol object at 0x7f47292fb8b0>,c1ccc(Oc2nnnn2-c2ccccc2)cc1
CCCCc1nc2c(N)nc3ccccc3c2n1CC(C)C,0.487138375477,<rdkit.Chem.rdchem.Mol object at 0x7f47292fb840>,c1ccc2c(c1)ncc1nc[nH]c12
CC1CN(C(=O)c2cccnc2N2CCOCC2)CC(c2ccccc2)O1,1.55568681404,<rdkit.Chem.rdchem.Mol object at 0x7f47292fb680>,O=C(c1cccnc1N1CCOCC1)N1CCOC(c2ccccc2)C1
COc1nc2sc(C(=O)NC3CC3)c(N)c2c(C)c1Cl,0.452093249018,<rdkit.Chem.rdchem.Mol object at 0x7f47292fb5a0>,O=C(NC1CC1)c1cc2cccnc2s1
C=CC(=O)N1CCC(CNc2ncnc(N)c2-c2ccc(Oc3ccccc3)cc2)CC1,0.901294817166,<rdkit.Chem.rdchem.Mol object at 0x7f47292fb530>,c1ccc(Oc2ccc(-c3cncnc3NCC3CCNCC3)cc2)cc1
O=C(c1ccc(OCCN2CCCCC2)cc1)c1c(-c2ccc(O)cc2)sc2cc(O)ccc12,-0.301029995664,<rdkit.Chem.rdchem.Mol object at 0x7f47292fb4c0>,O=C(c1ccc(OCCN2CCCCC2)cc1)c1c(-c2ccccc2)sc2ccccc12
CCN(CCO)C(=O)c1cc2cccnn2c1-c1cccc(C(F)(F)F)c1,0.940516484933,<rdkit.Chem.rdchem.Mol object at 0x7f47292fb3e0>,c1ccc(-c2ccc3cccnn23)cc1
CC(C)(C)OC(=O)NC[C@H]1CC[C@H](CNC(=O)c2cc(-c3cccc(CN)c3)nc3ccccc23)CC1,0.232996110392,<rdkit.Chem.rdchem.Mol object at 0x7f47292fb370>,O=C(NCC1CCCCC1)c1cc(-c2ccccc2)nc2ccccc12
O=c1[nH]c2c(O)ccc(CCNCCS(=O)(=O)CCCOCCc3ccccc3)c2s1,0.894316062684,<rdkit.Chem.rdchem.Mol object at 0x7f47292fb300>,O=c1[nH]c2cccc(CCNCCS(=O)(=O)CCCOCCc3ccccc3)c2s1
CN(C)C(=O)C1(Cc2ccccc2-c2cccc(F)c2)CCN(C(=O)C2CC=CCC2)CC1,0.142702245738,<rdkit.Chem.rdchem.Mol object at 0x7f47292fb290>,O=C(C1CC=CCC1)N1CCC(Cc2ccccc2-c2ccccc2)CC1
O=C(Nc1ccccn1)c1ccc2[nH]c(-c3ccc(NC(=O)C45CC6CC(CC(C6)C4)C5)cc3)nc2c1,-0.52287874528,<rdkit.Chem.rdchem.Mol object at 0x7f47292fb220>,O=C(Nc1ccccn1)c1ccc2[nH]c(-c3ccc(NC(=O)C45CC6CC(CC(C6)C4)C5)cc3)nc2c1
O=C1CC2(CCCC2)CC(=O)N1CCCCN1CCN(c2ncccn2)CC1,1.39585037602,<rdkit.Chem.rdchem.Mol object at 0x7f47292fb1b0>,O=C1CC2(CCCC2)CC(=O)N1CCCCN1CCN(c2ncccn2)CC1
CN1CCN(S(=O)(=O)c2ccc(-c3cnc(N)c(C(=O)Nc4cnccc4CN4CCCC4)n3)cc2)CC1,0.994756944588,<rdkit.Chem.rdchem.Mol object at 0x7f47292fb140>,O=C(Nc1cnccc1CN1CCCC1)c1cncc(-c2ccc(S(=O)(=O)N3CCNCC3)cc2)n1
COc1ccccc1O[C@@H](c1ccccc1)[C@@H]1CNCCO1,1.88541776511,<rdkit.Chem.rdchem.Mol object at 0x7f47292fb060>,c1ccc(OC(c2ccccc2)C2CNCCO2)cc1
N#Cc1ccccc1CC(C(=O)O)N1CCC(CN2CCC(Oc3ccc(Cl)c(Cl)c3)CC2)CC1,1.34986008219,<rdkit.Chem.rdchem.Mol object at 0x7f47292faf80>,c1ccc(CCN2CCC(CN3CCC(Oc4ccccc4)CC3)CC2)cc1
NC(=O)c1cc(C(N)=O)n(-c2cccc(-c3cc(C(F)(F)F)ccc3C(F)(F)F)c2)n1,0.754348335711,<rdkit.Chem.rdchem.Mol object at 0x7f47292faea0>,c1ccc(-c2cccc(-n3cccn3)c2)cc1
CC(C)NC(=O)COc1cccc(-c2nc(Nc3ccc4[nH]ncc4c3)c3ccccc3n2)c1,-0.504455662454,<rdkit.Chem.rdchem.Mol object at 0x7f47292face0>,c1ccc(-c2nc(Nc3ccc4[nH]ncc4c3)c3ccccc3n2)cc1
O=C(c1ccc(Oc2ccccc2)cc1Cl)c1c[nH]c2ncnc(N[C@@H]3CC[C@@H](CO)OC3)c12,-0.29584948316,<rdkit.Chem.rdchem.Mol object at 0x7f47292fac00>,O=C(c1ccc(Oc2ccccc2)cc1)c1c[nH]c2ncnc(NC3CCCOC3)c12
O=C(Cc1ccc(F)c(C(F)(F)F)c1)Nc1cccc2c(=O)n([C@@H]3CNC[C@H]3O)ccc12,0.976808337338,<rdkit.Chem.rdchem.Mol object at 0x7f47292fab90>,O=C(Cc1ccccc1)Nc1cccc2c(=O)n(C3CCNC3)ccc12
CCC[C@@H](CNC(=O)c1nc(Cl)c(N)nc1N)[N+](C)(C)CCCc1ccc(OC)cc1,1.6571515019,<rdkit.Chem.rdchem.Mol object at 0x7f47292faab0>,O=C(NCC[NH2+]CCCc1ccccc1)c1cnccn1
C[N+]1(C)CCC(OC(=O)C(O)(c2ccccc2)C2CCCC2)C1,1.83333838894,<rdkit.Chem.rdchem.Mol object at 0x7f47292fa960>,O=C(OC1CC[NH2+]C1)C(c1ccccc1)C1CCCC1
Nc1ncnc2c1c(-c1cnc3[nH]ccc3c1)nn2C1CCCC1,0.780605305839,<rdkit.Chem.rdchem.Mol object at 0x7f47292fa880>,c1ncc2c(-c3cnc4[nH]ccc4c3)nn(C3CCCC3)c2n1
O=C(Cc1ccccc1)Nc1nnc(CCSCCc2nnc(NC(=O)Cc3ccccc3)s2)s1,-0.376750709602,<rdkit.Chem.rdchem.Mol object at 0x7f47292fa810>,O=C(Cc1ccccc1)Nc1nnc(CCSCCc2nnc(NC(=O)Cc3ccccc3)s2)s1
CN(CCCOCCOCCc1ccccc1)CCc1ccc(O)c2[nH]c(=O)sc12,1.3807537708,<rdkit.Chem.rdchem.Mol object at 0x7f47292fa570>,O=c1[nH]c2cccc(CCNCCCOCCOCCc3ccccc3)c2s1
COc1cnc(-c2c(C)ccc(F)c2CCNC(=O)c2ccc(COCC(F)(F)F)nc2)cn1,0.994756944588,<rdkit.Chem.rdchem.Mol object at 0x7f47292fa500>,O=C(NCCc1ccccc1-c1cnccn1)c1cccnc1
COc1nn(C)cc1C(=O)Nc1cccc(-c2cnc3n2CCC3)c1,0.685562611158,<rdkit.Chem.rdchem.Mol object at 0x7f47292fa490>,O=C(Nc1cccc(-c2cnc3n2CCC3)c1)c1cn[nH]c1
Cc1ccsc1C(=CCCN1CCCC(C(=O)O)C1)c1sccc1C,0.922206277439,<rdkit.Chem.rdchem.Mol object at 0x7f47292fa420>,C(CCN1CCCCC1)=C(c1cccs1)c1cccs1
Cn1c(=O)c2[nH]cnc2n(C)c1=O,1.75480685535,<rdkit.Chem.rdchem.Mol object at 0x7f47292fa340>,O=c1[nH]c(=O)c2[nH]cnc2[nH]1
C=CC(=O)Nc1cccc(Oc2nc(Nc3ccc(N4CCN(C)CC4)c(F)c3)nc3[nH]ccc23)c1,-0.1390633793,<rdkit.Chem.rdchem.Mol object at 0x7f47292fa260>,c1ccc(Oc2nc(Nc3ccc(N4CCNCC4)cc3)nc3[nH]ccc23)cc1
Cc1ccc2c(c1)c(-c1ccnc3c(Cl)cccc13)c(C)n2CC(=O)O,-0.113509274828,<rdkit.Chem.rdchem.Mol object at 0x7f47292fa1f0>,c1ccc2c(-c3c[nH]c4ccccc34)ccnc2c1
OCCN1CCN(CCCN2c3ccccc3Sc3ccc(C(F)(F)F)cc32)CC1,0.0755469613925,<rdkit.Chem.rdchem.Mol object at 0x7f47292fa180>,c1ccc2c(c1)Sc1ccccc1N2CCCN1CCNCC1
CCCN(c1ccon1)P(=O)(c1ccccc1)c1ccccc1,1.17897694729,<rdkit.Chem.rdchem.Mol object at 0x7f47292fa0a0>,O=P(Nc1ccon1)(c1ccccc1)c1ccccc1
COc1ccc(NC(=O)c2ccc(C[S+](C)[O-])c3ccccc23)c(C(=O)NCC2CCOCC2)n1,0.64048143697,<rdkit.Chem.rdchem.Mol object at 0x7f47292fa030>,O=C(NCC1CCOCC1)c1ncccc1NC(=O)c1cccc2ccccc12
N#CC[C@H](C1CCCC1)n1cc(-c2ncnc3[nH]ccc23)cn1,1.24459870133,<rdkit.Chem.rdchem.Mol object at 0x7f47292f9fc0>,c1nc(-c2cnn(CC3CCCC3)c2)c2cc[nH]c2n1
CC(C)(N)C(=O)NC(COCc1ccc(F)cc1F)C(=O)N1CCC2=NN(CC(F)(F)F)C(=O)[C@]2(Cc2ccccn2)C1,1.70884563805,<rdkit.Chem.rdchem.Mol object at 0x7f47292f9ee0>,O=C(CCOCc1ccccc1)N1CCC2=NNC(=O)C2(Cc2ccccn2)C1
O=C(CN1CCN(CCC2CCOCC2)CC1)NC12CC3CC(CC(C3)C1)C2,1.59361830813,<rdkit.Chem.rdchem.Mol object at 0x7f47292f9e70>,O=C(CN1CCN(CCC2CCOCC2)CC1)NC12CC3CC(CC(C3)C1)C2
COc1cc2c(cc1OC)CC(=O)N(CCCN(C)C[C@H]1Cc3cc(OC)c(OC)cc31)CC2,1.61513959433,<rdkit.Chem.rdchem.Mol object at 0x7f47292f9d90>,O=C1Cc2ccccc2CCN1CCCNCC1Cc2ccccc21
CC(C(=O)O)c1cccc(Oc2ccccc2)c1,0.164352855784,<rdkit.Chem.rdchem.Mol object at 0x7f47292f9d20>,c1ccc(Oc2ccccc2)cc1
Cc1nc(C)c(-c2ccc(C3CCC(CC(N)=O)CC3)cc2)nc1C(N)=O,0.745074791582,<rdkit.Chem.rdchem.Mol object at 0x7f47292f9cb0>,c1cnc(-c2ccc(C3CCCCC3)cc2)cn1
CN(C)S(=O)(=O)NC(=O)CCCc1c(-c2ccc(F)cc2)[nH]c2ccc(C#N)cc12,-0.376750709602,<rdkit.Chem.rdchem.Mol object at 0x7f47292f9c40>,c1ccc(-c2cc3ccccc3[nH]2)cc1
O=c1cc(N2CCOCC2)[nH]c(NCc2cccc(Cl)c2)n1,0.67851837904,<rdkit.Chem.rdchem.Mol object at 0x7f47292f9bd0>,O=c1cc(N2CCOCC2)[nH]c(NCc2ccccc2)n1
O=C(c1c2ccccc2cc2ccccc12)N1CCC(N2CCCC(C(=O)N3CCOCC3)C2)CC1,1.4255342205,<rdkit.Chem.rdchem.Mol object at 0x7f47292f9b60>,O=C(c1c2ccccc2cc2ccccc12)N1CCC(N2CCCC(C(=O)N3CCOCC3)C2)CC1
CC(C)NCC(O)COc1ccc(CCOCC2CC2)cc1,1.61161711055,<rdkit.Chem.rdchem.Mol object at 0x7f47292f9af0>,c1ccc(CCOCC2CC2)cc1
Cc1nc2ccc(NS(=O)(=O)c3ccc4c(c3)OCCO4)cc2s1,-0.173925197299,<rdkit.Chem.rdchem.Mol object at 0x7f47292f9a80>,O=S(=O)(Nc1ccc2ncsc2c1)c1ccc2c(c1)OCCO2
CNC(=O)C1(Cc2ccc(-c3cccnc3)cc2)CCN(Cc2cccc(F)c2)C1,0.53109554687,<rdkit.Chem.rdchem.Mol object at 0x7f47292f99a0>,c1ccc(CN2CCC(Cc3ccc(-c4cccnc4)cc3)C2)cc1
O=C(O)CCc1ccc(NCc2cccc(Oc3ccccc3)c2)cc1,-0.283996656365,<rdkit.Chem.rdchem.Mol object at 0x7f47292f9930>,c1ccc(NCc2cccc(Oc3ccccc3)c2)cc1
OCCN1CCN(CCCN2c3ccccc3Sc3ccc(Cl)cc32)CC1,0.164352855784,<rdkit.Chem.rdchem.Mol object at 0x7f47292f98c0>,c1ccc2c(c1)Sc1ccccc1N2CCCN1CCNCC1
CN1CCC(N2CCN(C(=O)C(NC(=O)c3ccc4cc[nH]c4c3)c3ccccc3)CC2)CC1,1.73255457985,<rdkit.Chem.rdchem.Mol object at 0x7f47292f9770>,O=C(NC(C(=O)N1CCN(C2CCNCC2)CC1)c1ccccc1)c1ccc2cc[nH]c2c1
CC(C)NC[C@@H](O)COc1cccc2ccccc12,1.25406445291,<rdkit.Chem.rdchem.Mol object at 0x7f47292f9700>,c1ccc2ccccc2c1
N#Cc1cccc(-c2cc(Cl)ccc2OCC(=O)O)c1,0.535294120043,<rdkit.Chem.rdchem.Mol object at 0x7f47292f9620>,c1ccc(-c2ccccc2)cc1
CC(C)NC[C@H](O)COc1cccc2ccccc12,1.31069331234,<rdkit.Chem.rdchem.Mol object at 0x7f47292f95b0>,c1ccc2ccccc2c1
COc1ccc(CCCN2CCN(c3cnn(C)c3)C(=O)C2)cc1F,1.3084149991,<rdkit.Chem.rdchem.Mol object at 0x7f47292f9540>,O=C1CN(CCCc2ccccc2)CCN1c1cn[nH]c1
O=C1NC(=O)C(c2cnc3ccccn23)=C1c1cn2c3c(cccc13)CN(C(=O)N1CCOCC1)CC2,1.05728564442,<rdkit.Chem.rdchem.Mol object at 0x7f47292f9460>,O=C1NC(=O)C(c2cnc3ccccn23)=C1c1cn2c3c(cccc13)CN(C(=O)N1CCOCC1)CC2
Cc1nccnc1-c1ccc(CC(=O)N[C@H](C)c2ccc(OCC(F)(F)F)cn2)cc1,1.22942584792,<rdkit.Chem.rdchem.Mol object at 0x7f47292f93f0>,O=C(Cc1ccc(-c2cnccn2)cc1)NCc1ccccn1
CCCc1cc(N2CCc3c(nc(C4CC4)n3C)C2)n2ncnc2n1,1.38820780743,<rdkit.Chem.rdchem.Mol object at 0x7f47292f9310>,c1cc(N2CCc3[nH]c(C4CC4)nc3C2)n2ncnc2n1
C[C@H](Nc1nc(Nc2cc(C3CC3)[nH]n2)c(F)cc1C#N)c1ccc(F)cc1,-0.698970004336,<rdkit.Chem.rdchem.Mol object at 0x7f47292f9230>,c1ccc(CNc2cccc(Nc3cc(C4CC4)[nH]n3)n2)cc1
O=S(=O)(N[C@H](CO)C(C(F)(F)F)C(F)(F)F)c1ccc(Cl)s1,1.03941411918,<rdkit.Chem.rdchem.Mol object at 0x7f47292f91c0>,c1ccsc1
[2H]C([2H])([2H])NC(=O)c1nnc(NC(=O)C2CC2)cc1Nc1cccc(-c2ncn(C)n2)c1OC,1.23657756537,<rdkit.Chem.rdchem.Mol object at 0x7f47292f9150>,O=C(Nc1cc(Nc2cccc(-c3nc[nH]n3)c2)cnn1)C1CC1
Cn1c(-c2cc(=O)c(O)c[nH]2)nn(S(=O)(=O)NC(=O)N2CC(NC(=O)C(=NOC(C)(C)C(=O)O)c3csc(N)n3)C2=O)c1=O,0.173186268412,<rdkit.Chem.rdchem.Mol object at 0x7f47292f90e0>,N=C(C(=O)NC1CN(C(=O)NS(=O)(=O)n2nc(-c3cc(=O)cc[nH]3)[nH]c2=O)C1=O)c1cscn1
CC1(C)Cc2cc(NC(=O)c3cnn4cccnc34)c(OCC3CC3)nc2O1,0.382197210377,<rdkit.Chem.rdchem.Mol object at 0x7f47292f9070>,O=C(Nc1cc2c(nc1OCC1CC1)OCC2)c1cnn2cccnc12
Cn1cc(C(=O)NC[C@@H](O)CN2CCC(Oc3ccc(Cl)c(Cl)c3)CC2)c(C(F)(F)F)cc1=O,1.01283722471,<rdkit.Chem.rdchem.Mol object at 0x7f47292f9000>,O=C(NCCCN1CCC(Oc2ccccc2)CC1)c1ccc(=O)[nH]c1
CN1CC[C@]23c4c5ccc(O)c4O[C@H]2[C@@H](O)C=C[C@H]3[C@H]1C5,1.91761052575,<rdkit.Chem.rdchem.Mol object at 0x7f47292f8f90>,C1=CC2C3Cc4cccc5c4C2(CCN3)C(C1)O5
CC(C)(C)NCC(O)c1ccc(O)c(CO)c1,1.81677141233,<rdkit.Chem.rdchem.Mol object at 0x7f47292f8eb0>,c1ccccc1
Cc1nnc(CN(C)CC(C)Oc2ccc(Cl)c(Cl)c2)n1C,1.11444417245,<rdkit.Chem.rdchem.Mol object at 0x7f47292f8e40>,c1ccc(OCCNCc2nnc[nH]2)cc1
O=C(O)c1cn(C2CC2)c2cc(N3CCNCC3)c(F)cc2c1=O,1.75480685535,<rdkit.Chem.rdchem.Mol object at 0x7f47292f8dd0>,O=c1ccn(C2CC2)c2cc(N3CCNCC3)ccc12
COc1ccccc1Oc1c(NS(=O)(=O)c2ccc(C(C)(C)C)cc2)nc(-c2ncccn2)nc1OCCO,0.0863598306747,<rdkit.Chem.rdchem.Mol object at 0x7f47292f8d60>,O=S(=O)(Nc1nc(-c2ncccn2)ncc1Oc1ccccc1)c1ccccc1
Cc1nc(C)c(-c2ccc(C3CCC(CCO)CC3)cc2)nc1C(N)=O,0.143014800254,<rdkit.Chem.rdchem.Mol object at 0x7f47292f8c10>,c1cnc(-c2ccc(C3CCCCC3)cc2)cn1
O=c1cc(N2CCOCC2)[nH]c(NCc2ccccc2)n1,1.27852496474,<rdkit.Chem.rdchem.Mol object at 0x7f47292f8ba0>,O=c1cc(N2CCOCC2)[nH]c(NCc2ccccc2)n1
OC[C@H](Nc1cncc(-c2ccc3[nH]ncc3n2)c1)c1ccccc1,1.02469086236,<rdkit.Chem.rdchem.Mol object at 0x7f47292f8b30>,c1ccc(CNc2cncc(-c3ccc4[nH]ncc4n3)c2)cc1
CCOc1noc2cc(OCCC3CCN(c4ccc(C)nn4)CC3)ccc12,-0.823908740944,<rdkit.Chem.rdchem.Mol object at 0x7f47292f8ac0>,c1cnnc(N2CCC(CCOc3ccc4cnoc4c3)CC2)c1
Cc1c(F)cccc1NC(=O)CN1[C@H](Cc2ccccc2)C[C@]2(C)NC(=O)CCC[C@H]12,0.9253120915,<rdkit.Chem.rdchem.Mol object at 0x7f47292f8a50>,O=C(CN1C(Cc2ccccc2)CC2NC(=O)CCCC21)Nc1ccccc1
CC(C)C(NC(=O)c1cc(Cl)ccc1C(F)(F)F)C(=O)c1ccc([N+](=O)[O-])cc1,0.380211241712,<rdkit.Chem.rdchem.Mol object at 0x7f47292f8970>,O=C(CNC(=O)c1ccccc1)c1ccccc1
COCCc1ccc(OCC(O)CNC(C)C)cc1,2.0,<rdkit.Chem.rdchem.Mol object at 0x7f47292f8900>,c1ccccc1
CN(c1ncc(F)cn1)C1CCCNC1,2.0,<rdkit.Chem.rdchem.Mol object at 0x7f47292f8820>,c1cnc(NC2CCCNC2)nc1
COc1ccc([C@H]2CN(C(C)=O)[C@@H]3CCCN(Cc4cccc(F)c4)[C@H]23)cc1,0.59406090127,<rdkit.Chem.rdchem.Mol object at 0x7f47292f87b0>,c1ccc(CN2CCCC3NCC(c4ccccc4)C32)cc1
C=C[C@H]1CN2CC[C@H]1C[C@@H]2[C@@H](O)c1ccnc2ccc(OC)cc12,1.59361830813,<rdkit.Chem.rdchem.Mol object at 0x7f47292f86d0>,c1ccc2c(CC3CC4CCN3CC4)ccnc2c1
O=S(=O)(Nc1ccc2sc(CO)nc2c1)c1ccc(Br)cc1,-0.744727494897,<rdkit.Chem.rdchem.Mol object at 0x7f47292f8660>,O=S(=O)(Nc1ccc2scnc2c1)c1ccccc1
O=C(Nc1cccc2c(=O)cc(-c3nn[nH]n3)oc12)c1ccc(OCCCCc2ccccc2)cc1,0.772248339972,<rdkit.Chem.rdchem.Mol object at 0x7f47292f85f0>,O=C(Nc1cccc2c(=O)cc(-c3nn[nH]n3)oc12)c1ccc(OCCCCc2ccccc2)cc1
Cn1c(C2CC2)nc2c1CCN(c1ncnc3ccsc13)C2,1.19298537909,<rdkit.Chem.rdchem.Mol object at 0x7f47292f8580>,c1nc(N2CCc3[nH]c(C4CC4)nc3C2)c2sccc2n1
NC(=O)NC(=O)C(Nc1ccc2c(c1)CCC2)c1ccccc1,0.76417613239,<rdkit.Chem.rdchem.Mol object at 0x7f47292f8510>,c1ccc(CNc2ccc3c(c2)CCC3)cc1
CCC(C)(C)C(=O)O[C@H]1C[C@@H](C)C=C2C=C[C@H](C)[C@H](CC[C@@H](O)C[C@@H](O)CC(=O)O)[C@H]21,0.380211241712,<rdkit.Chem.rdchem.Mol object at 0x7f47292f84a0>,C1=CC2=CCCCC2CC1
CCn1c(=O)oc2cc(NC(=O)c3ccc(C(C)(C)C)cc3)ccc21,0.180412632838,<rdkit.Chem.rdchem.Mol object at 0x7f47292f83c0>,O=C(Nc1ccc2[nH]c(=O)oc2c1)c1ccccc1
O=c1c(CC[S+]([O-])c2ccccc2)c(O)n(-c2ccccc2)n1-c1ccccc1,-0.638272163982,<rdkit.Chem.rdchem.Mol object at 0x7f47292f82e0>,O=c1c(CC[SH+]c2ccccc2)cn(-c2ccccc2)n1-c1ccccc1
O=C(O)CCc1nc(-c2ccccc2)c(-c2ccccc2)o1,-0.619788758288,<rdkit.Chem.rdchem.Mol object at 0x7f47292f7f40>,c1ccc(-c2ncoc2-c2ccccc2)cc1
CCN1CCC[C@H]1CNC(=O)c1c(O)c(Cl)cc(Cl)c1OC,1.74608904306,<rdkit.Chem.rdchem.Mol object at 0x7f47292f7ed0>,O=C(NCC1CCCN1)c1ccccc1
Cc1ccc(C(=O)NC2CC2)cc1-c1ccc(C(=O)NCC2CC2)nc1,0.949390006645,<rdkit.Chem.rdchem.Mol object at 0x7f47292f7df0>,O=C(NC1CC1)c1cccc(-c2ccc(C(=O)NCC3CC3)nc2)c1
CN1CCN(C(=O)c2cc3cc(Cl)ccc3[nH]2)CC1,1.35774432518,<rdkit.Chem.rdchem.Mol object at 0x7f47292f7d80>,O=C(c1cc2ccccc2[nH]1)N1CCNCC1
COc1ccc(C2c3[nH]c4ccc(Cl)cc4c3CCN2C(=O)Oc2ccc(Cl)cc2)cc1,1.75460822294,<rdkit.Chem.rdchem.Mol object at 0x7f47292f7ca0>,O=C(Oc1ccccc1)N1CCc2c([nH]c3ccccc23)C1c1ccccc1
CC(C)Oc1cc(-n2cnc3ccc(N[C@@H](CO)c4ccc(F)cn4)nc32)[nH]n1,1.27044590802,<rdkit.Chem.rdchem.Mol object at 0x7f47292f7c30>,c1ccc(CNc2ccc3ncn(-c4ccn[nH]4)c3n2)nc1
CN1C2CCC1CC(OC(c1ccccc1)c1ccccc1)C2,1.18084241465,<rdkit.Chem.rdchem.Mol object at 0x7f47292f7bc0>,c1ccc(C(OC2CC3CCC(C2)N3)c2ccccc2)cc1
CC(C)Cn1cnc2c(N)nc3ccccc3c21,1.25406445291,<rdkit.Chem.rdchem.Mol object at 0x7f47292f7b50>,c1ccc2c(c1)ncc1nc[nH]c12
CC#Cc1cncc(-c2cccc(C3(C4CC4)N=C(C)C(=N)N3)c2)c1,0.801403710017,<rdkit.Chem.rdchem.Mol object at 0x7f47292f7a70>,N=C1C=NC(c2cccc(-c3cccnc3)c2)(C2CC2)N1
COc1cc2nc(N3CCN(C(=O)c4ccco4)CC3)nc(N)c2cc1OC,1.37188024909,<rdkit.Chem.rdchem.Mol object at 0x7f47292f7920>,O=C(c1ccco1)N1CCN(c2ncc3ccccc3n2)CC1
COc1cnc(-c2ccccc2C(F)(F)CNC(=O)c2ccc(COCC(F)(F)F)nc2)cn1,0.725911632295,<rdkit.Chem.rdchem.Mol object at 0x7f47292f7840>,O=C(NCCc1ccccc1-c1cnccn1)c1cccnc1
Cc1c(OC2CCN(CC3CCN([C@@](C)(Cc4ccc(F)cc4)C(=O)O)CC3)CC2)ccc(Cl)c1Cl,0.876217840592,<rdkit.Chem.rdchem.Mol object at 0x7f47292f76f0>,c1ccc(CCN2CCC(CN3CCC(Oc4ccccc4)CC3)CC2)cc1
COc1ncc(-c2ccccc2C(F)(F)CNC(=O)c2ccc(COCC(F)(F)F)nc2)cn1,1.11025291735,<rdkit.Chem.rdchem.Mol object at 0x7f47292f75a0>,O=C(NCCc1ccccc1-c1cncnc1)c1cccnc1
COc1ccc(CNC(=O)c2sc3nc(C)cc(C)c3c2N)cc1,-0.18243463044,<rdkit.Chem.rdchem.Mol object at 0x7f47292f7530>,O=C(NCc1ccccc1)c1cc2cccnc2s1
CN(CC(=O)NC1CC1)C(=O)c1ccc2c(c1)c1c(n2C)CCC(C2CCOCC2)C1,0.34044411484,<rdkit.Chem.rdchem.Mol object at 0x7f47292f74c0>,O=C(CNC(=O)c1ccc2[nH]c3c(c2c1)CC(C1CCOCC1)CC3)NC1CC1
Cc1cn([C@H]2CCCN([C@H](CC(C)C)c3ccc(C(=O)O)c(Oc4cccc(Cl)c4)c3)C2)c(=O)[nH]c1=O,0.243038048686,<rdkit.Chem.rdchem.Mol object at 0x7f47292f7450>,O=c1ccn(C2CCCN(Cc3cccc(Oc4ccccc4)c3)C2)c(=O)[nH]1
CN(C)CCN1CCN(c2cc(C(=O)NC[C@H]3CC[C@H](CNC(=O)OC(C)(C)C)CC3)c3ccccc3n2)CC1,0.754348335711,<rdkit.Chem.rdchem.Mol object at 0x7f47292f7370>,O=C(NCC1CCCCC1)c1cc(N2CCNCC2)nc2ccccc12
Cc1cccc(/C=N/Nc2cc(N3CCOCC3)nc(OCCc3ccccn3)n2)c1,-0.275724130399,<rdkit.Chem.rdchem.Mol object at 0x7f47292f7300>,C(=NNc1cc(N2CCOCC2)nc(OCCc2ccccn2)n1)c1ccccc1
O=c1cc(N2CCOCC2)[nH]c(NCc2cccc(Cl)c2Cl)n1,0.25285303098,<rdkit.Chem.rdchem.Mol object at 0x7f47292f7220>,O=c1cc(N2CCOCC2)[nH]c(NCc2ccccc2)n1
CC(C)(C)OC(=O)N1CCN(c2ncc(OCc3ccncc3)cn2)CC1,0.553883026644,<rdkit.Chem.rdchem.Mol object at 0x7f47292f7140>,c1cc(COc2cnc(N3CCNCC3)nc2)ccn1
CC1(C)C(=NC(=O)C(NOCc2cc(=O)c(O)cn2O)c2csc(N)n2)C(=O)N1OS(=O)(=O)O,1.09272064468,<rdkit.Chem.rdchem.Mol object at 0x7f47292f6f10>,O=C1NCC1=NC(=O)C(NOCc1cc(=O)cc[nH]1)c1cscn1
Cc1ccccc1CC(C(=O)O)N1CCC(CN2CCC(Oc3ccc(Cl)c(Cl)c3)CC2)CC1,1.04844180355,<rdkit.Chem.rdchem.Mol object at 0x7f47292f6ea0>,c1ccc(CCN2CCC(CN3CCC(Oc4ccccc4)CC3)CC2)cc1
O=C(O)C(Cc1ccc(F)cc1)N1CCC(CN2CCC(Oc3ccc(Cl)c(Cl)c3)CC2)CC1,1.34222522936,<rdkit.Chem.rdchem.Mol object at 0x7f47292f6e30>,c1ccc(CCN2CCC(CN3CCC(Oc4ccccc4)CC3)CC2)cc1
O=C(c1ccc(F)cc1)C1CCN(CCn2c(=O)[nH]c3ccccc3c2=O)CC1,-0.193820026016,<rdkit.Chem.rdchem.Mol object at 0x7f47292f6dc0>,O=C(c1ccccc1)C1CCN(CCn2c(=O)[nH]c3ccccc3c2=O)CC1
Cc1ccc(S(=O)(=O)Nc2c(C(=O)NC3CCCCC3C)c(C)nn2-c2ccccc2)cc1,0.350248018334,<rdkit.Chem.rdchem.Mol object at 0x7f47292f6d50>,O=C(NC1CCCCC1)c1cnn(-c2ccccc2)c1NS(=O)(=O)c1ccccc1
C[C@H](CN(C(=O)c1ccc(C#N)cc1)c1ccccn1)N1CCN(c2cccc3c2OCCO3)CC1,1.25406445291,<rdkit.Chem.rdchem.Mol object at 0x7f47292f6b90>,O=C(c1ccccc1)N(CCN1CCN(c2cccc3c2OCCO3)CC1)c1ccccn1
C[C@H]1CN(Cc2cc(Cl)ccc2OCC(=O)O)CCN1C(=O)Cc1ccc(Cl)cc1,0.583198773969,<rdkit.Chem.rdchem.Mol object at 0x7f47292f6b20>,O=C(Cc1ccccc1)N1CCN(Cc2ccccc2)CC1
Nc1c(F)ccc2cnc(-n3ccc4ccncc43)cc12,0.631443769013,<rdkit.Chem.rdchem.Mol object at 0x7f47292f6ab0>,c1ccc2cc(-n3ccc4ccncc43)ncc2c1
N#Cc1ccc2ccc(=O)n(CCN3CC[C@@H](NCc4ccc5c(n4)NC(=O)CO5)[C@@H](F)C3)c2c1,1.45438746715,<rdkit.Chem.rdchem.Mol object at 0x7f47292f6a40>,O=C1COc2ccc(CNC3CCN(CCn4c(=O)ccc5ccccc54)CC3)nc2N1
COc1ccc(-c2nc(-c3ccccn3)no2)cc1,0.735598899698,<rdkit.Chem.rdchem.Mol object at 0x7f47292f69d0>,c1ccc(-c2nc(-c3ccccn3)no2)cc1
O=C1NCCN(C(=O)c2ccc3nccn3c2)C1c1ccccc1C(F)(F)F,1.80152718852,<rdkit.Chem.rdchem.Mol object at 0x7f47292f68f0>,O=C1NCCN(C(=O)c2ccc3nccn3c2)C1c1ccccc1
COc1ccccc1N1CCN(CCN(C(=O)C2CCCCC2)c2ccccn2)CC1,1.31868926995,<rdkit.Chem.rdchem.Mol object at 0x7f47292f67a0>,O=C(C1CCCCC1)N(CCN1CCN(c2ccccc2)CC1)c1ccccn1
Cc1onc(-c2ccccc2)c1C(=O)N(C)c1ccc(Cl)cc1,0.876217840592,<rdkit.Chem.rdchem.Mol object at 0x7f47292f6730>,O=C(Nc1ccccc1)c1conc1-c1ccccc1
C[C@@](O)(C(=O)Nc1ccc(S(C)(=O)=O)cc1Cl)C(F)(F)F,1.20411998266,<rdkit.Chem.rdchem.Mol object at 0x7f47292f66c0>,c1ccccc1
O=C(NCc1ccc(OCC(F)(F)F)nc1)c1c2ccccc2c(O)n1CCc1ccccn1,1.56890541498,<rdkit.Chem.rdchem.Mol object at 0x7f47292f6570>,O=C(NCc1cccnc1)c1c2ccccc2cn1CCc1ccccn1
CC(NC(=O)C(O)C(C)C)C(=O)NC1C(=O)N(C)CCc2ccccc21,1.89856064494,<rdkit.Chem.rdchem.Mol object at 0x7f47292f6500>,O=C1Cc2ccccc2CCN1
CCNC(=O)C1O[C@@H](n2cnc3c(N)nc(NCCc4ccc(CCC(=O)O)cc4)nc32)[C@H](O)[C@@H]1O,1.00389116624,<rdkit.Chem.rdchem.Mol object at 0x7f47292f6490>,c1ccc(CCNc2ncc3ncn(C4CCCO4)c3n2)cc1
COCCNCC(=O)NC12CC3CC(CC(C3)C1)C2,1.68367729882,<rdkit.Chem.rdchem.Mol object at 0x7f47292f6420>,C1C2CC3CC1CC(C2)C3
CCOc1cc2ncc(C(N)=O)c(Nc3cc(C)ccc3F)c2cc1N1CCN(C)CC1,1.03059972197,<rdkit.Chem.rdchem.Mol object at 0x7f47292f6340>,c1ccc(Nc2ccnc3ccc(N4CCNCC4)cc23)cc1
CC1CN=C(Nc2c(Cl)cccc2Cl)N1,1.8062478272,<rdkit.Chem.rdchem.Mol object at 0x7f47292f6260>,c1ccc(NC2=NCCN2)cc1
CC(C)(C)C(=O)N1CCC(Cc2ccc(-c3cccs3)cc2)(C(=O)N2CCCC2)CC1,0.00817418400643,<rdkit.Chem.rdchem.Mol object at 0x7f47292f6030>,O=C(N1CCCC1)C1(Cc2ccc(-c3cccs3)cc2)CCNCC1
CCOc1ccc(-n2c([C@@H](C)N(Cc3cccnc3)C(=O)Cc3ccc(C(F)(F)F)cc3)nc3ccccc3c2=O)cc1,0.164352855784,<rdkit.Chem.rdchem.Mol object at 0x7f47292f5fc0>,O=C(Cc1ccccc1)N(Cc1cccnc1)Cc1nc2ccccc2c(=O)n1-c1ccccc1
CC(C)c1noc(C2CCN(c3ncnc(Nc4ccc(S(C)(=O)=O)cc4F)c3[N+](=O)[O-])CC2)n1,0.204119982656,<rdkit.Chem.rdchem.Mol object at 0x7f47292f5ee0>,c1ccc(Nc2cc(N3CCC(c4ncno4)CC3)ncn2)cc1
CC(O)(C#Cc1ccc2c(c1)N(c1nc(N)ncc1Cl)CC2)c1nccs1,0.275311354542,<rdkit.Chem.rdchem.Mol object at 0x7f47292f5e70>,C(#Cc1ccc2c(c1)N(c1ccncn1)CC2)Cc1nccs1
N#Cc1ccc(CC(C(=O)O)N2CCC(CN3CCC(Oc4ccc(Cl)c(Cl)c4)CC3)CC2)cc1,0.985875357308,<rdkit.Chem.rdchem.Mol object at 0x7f47292f5e00>,c1ccc(CCN2CCC(CN3CCC(Oc4ccccc4)CC3)CC2)cc1
C[N+](C)(Cc1ccc(NC(=O)c2ccc(Cl)c(Cl)c2)cc1)C1CCOCC1,1.58759872972,<rdkit.Chem.rdchem.Mol object at 0x7f47292f5d90>,O=C(Nc1ccc(C[NH2+]C2CCOCC2)cc1)c1ccccc1
Cc1ccc(NC(=O)CN2[C@H](Cc3ccccc3)C[C@]3(C)NC(=O)CCC[C@H]23)cc1F,0.360971883726,<rdkit.Chem.rdchem.Mol object at 0x7f47292f5d20>,O=C(CN1C(Cc2ccccc2)CC2NC(=O)CCCC21)Nc1ccccc1
Cc1ccc(S(=O)(=O)Nc2ccc3nc(C)oc3c2)cc1,0.707570176098,<rdkit.Chem.rdchem.Mol object at 0x7f47292f5cb0>,O=S(=O)(Nc1ccc2ncoc2c1)c1ccccc1
Cc1cn([C@H]2CCCN([C@H](CC(C)(C)C)c3ccc(C(=O)O)c(Oc4cccc(Br)c4)c3)C2)c(=O)[nH]c1=O,0.173186268412,<rdkit.Chem.rdchem.Mol object at 0x7f47292f5b60>,O=c1ccn(C2CCCN(Cc3cccc(Oc4ccccc4)c3)C2)c(=O)[nH]1
O=C(O)Cc1cn(-c2ccccc2)nc1-c1ccc(Cl)cc1,-0.744727494897,<rdkit.Chem.rdchem.Mol object at 0x7f47292f5a80>,c1ccc(-c2ccn(-c3ccccc3)n2)cc1
CC1=NC(=O)NC(c2cccs2)C1C(=O)OCc1ccccc1,0.232996110392,<rdkit.Chem.rdchem.Mol object at 0x7f47292f59a0>,O=C1N=CC(C(=O)OCc2ccccc2)C(c2cccs2)N1
CCS(=O)(=O)N1CC(CC#N)(n2cc(-c3ncnc4[nH]ccc34)cn2)C1,2.0,<rdkit.Chem.rdchem.Mol object at 0x7f47292f5930>,c1nc(-c2cnn(C3CNC3)c2)c2cc[nH]c2n1
CCC(=O)O[C@]1(C(=O)SCF)[C@H](C)C[C@H]2[C@@H]3C[C@H](F)C4=CC(=O)C=C[C@]4(C)[C@@]3(F)[C@@H](O)C[C@@]21C,0.184691430818,<rdkit.Chem.rdchem.Mol object at 0x7f47292f58c0>,O=C1C=CC2C(=C1)CCC1C3CCCC3CCC21
CCN1CCC[C@H]1CNC(=O)c1cc(Br)cc(OC)c1OC,1.84571801797,<rdkit.Chem.rdchem.Mol object at 0x7f47292f5850>,O=C(NCC1CCCN1)c1ccccc1
COCCNCc1cccc(CCNC[C@H](O)c2ccc(O)c3[nH]c(=O)sc23)c1,1.29468662428,<rdkit.Chem.rdchem.Mol object at 0x7f47292f57e0>,O=c1[nH]c2cccc(CCNCCc3ccccc3)c2s1
CCC(CC)NC(=O)c1cn(-c2ccccc2)nc1NS(=O)(=O)c1ccc(C)cc1,-0.481486060122,<rdkit.Chem.rdchem.Mol object at 0x7f47292f5770>,O=S(=O)(Nc1ccn(-c2ccccc2)n1)c1ccccc1
Cn1c(=O)c2c(ncn2C)n(C)c1=O,1.93611143167,<rdkit.Chem.rdchem.Mol object at 0x7f47292f5690>,O=c1[nH]c(=O)c2[nH]cnc2[nH]1
CC(C)(Oc1ccc(Cl)cc1)C(=O)N1CCN(c2ccccn2)CC1,-0.0362121726544,<rdkit.Chem.rdchem.Mol object at 0x7f47292f5620>,O=C(COc1ccccc1)N1CCN(c2ccccn2)CC1
Cc1sc2c(c1C)C(c1ccc(Cl)cc1)=N[C@@H](CC(=O)OC(C)(C)C)c1nnc(C)n1-2,0.184691430818,<rdkit.Chem.rdchem.Mol object at 0x7f47292f54d0>,c1ccc(C2=NCc3nncn3-c3sccc32)cc1
CCCNC(=O)NS(=O)(=O)c1ccc(Cl)cc1,0.62828673109,<rdkit.Chem.rdchem.Mol object at 0x7f47292f5460>,c1ccccc1
CCc1cnn2c(NCc3ccc[n+]([O-])c3)cc(N3CCCC[C@H]3CCO)nc12,1.24575935597,<rdkit.Chem.rdchem.Mol object at 0x7f47292f5310>,c1c[nH+]cc(CNc2cc(N3CCCCC3)nc3ccnn23)c1
N=C(N)c1ccc2[nH]c(-c3[nH]nc(-c4ccccc4)c3O)nc2c1,1.07518185462,<rdkit.Chem.rdchem.Mol object at 0x7f47292f5230>,c1ccc(-c2cc(-c3nc4ccccc4[nH]3)[nH]n2)cc1
CN1C(N)=N[C@](C)(c2cc(NC(=O)c3ccc(F)cn3)ccc2F)CS1(=O)=O,1.49141772822,<rdkit.Chem.rdchem.Mol object at 0x7f47292f51c0>,O=C(Nc1cccc(C2CS(=O)(=O)NC=N2)c1)c1ccccn1
N#Cc1ccc(COc2cccc(C3CCN(Cc4nc5ccc(C(=O)O)cc5n4CC4CCO4)CC3)n2)c(F)c1,0.31217735644,<rdkit.Chem.rdchem.Mol object at 0x7f47292f5150>,c1ccc(COc2cccc(C3CCN(Cc4nc5ccccc5n4CC4CCO4)CC3)n2)cc1
Cc1ccccc1Nc1nc(N)nc(C)c1Br,0.876217840592,<rdkit.Chem.rdchem.Mol object at 0x7f47292f50e0>,c1ccc(Nc2ccncn2)cc1
CNc1ccc(-c2nc3ccc(O)cc3s2)cc1,0.26245108973,<rdkit.Chem.rdchem.Mol object at 0x7f47292f5070>,c1ccc(-c2nc3ccccc3s2)cc1
O=C1Nc2nc(-c3c(O)cccc3OCC3CC3)cc(C3CCCNC3)c2CO1,1.09272064468,<rdkit.Chem.rdchem.Mol object at 0x7f47292f5000>,O=C1Nc2nc(-c3ccccc3OCC3CC3)cc(C3CCCNC3)c2CO1
Clc1ccc(OCc2cn3ccccc3n2)c2ncccc12,-0.154901959986,<rdkit.Chem.rdchem.Mol object at 0x7f47292f4f90>,c1cnc2c(OCc3cn4ccccc4n3)cccc2c1
O=C(NCC12CC3CC(CC(C3)C1)C2)c1cc(-n2ncc(=O)[nH]c2=O)ccc1Cl,0.232996110392,<rdkit.Chem.rdchem.Mol object at 0x7f47292f4f20>,O=C(NCC12CC3CC(CC(C3)C1)C2)c1cccc(-n2ncc(=O)[nH]c2=O)c1
CC(=O)Nc1cccc(Nc2ncnc(N3CCC(OCc4ccc(OC(F)(F)F)cc4)CC3)n2)c1C,-0.0222763947112,<rdkit.Chem.rdchem.Mol object at 0x7f47292f4eb0>,c1ccc(COC2CCN(c3ncnc(Nc4ccccc4)n3)CC2)cc1
O=C(O)Cc1ccccc1Nc1c(Cl)cccc1Cl,-0.142667503569,<rdkit.Chem.rdchem.Mol object at 0x7f47292f4e40>,c1ccc(Nc2ccccc2)cc1
Cc1nccc(-c2ccc(-c3[nH]c4ccncc4c(=O)c3C#N)cc2)c1Cl,-0.853871964322,<rdkit.Chem.rdchem.Mol object at 0x7f47292f4cf0>,O=c1cc(-c2ccc(-c3ccncc3)cc2)[nH]c2ccncc12
O=C(NCc1ccc(F)c(OC(F)(F)F)c1)c1c2ccccc2c(O)n1CCc1ncc(F)cn1,0.994756944588,<rdkit.Chem.rdchem.Mol object at 0x7f47292f4c10>,O=C(NCc1ccccc1)c1c2ccccc2cn1CCc1ncccn1
CCC(CC)NC(=O)c1cnn(-c2ccccc2)c1NS(=O)(=O)c1ccc(C)cc1,0.36921585741,<rdkit.Chem.rdchem.Mol object at 0x7f47292f4ba0>,O=S(=O)(Nc1ccnn1-c1ccccc1)c1ccccc1
Cc1ccc(NC(=O)c2cccc(C(C)(C)C#N)c2)cc1Nc1ccc2ncn(C)c(=O)c2c1,1.69897000434,<rdkit.Chem.rdchem.Mol object at 0x7f47292f4b30>,O=C(Nc1cccc(Nc2ccc3nc[nH]c(=O)c3c2)c1)c1ccccc1
Nc1[nH]ncc1-c1cc(C(F)(F)F)ccc1Oc1cc(F)c(S(=O)(=O)Nc2cscn2)cc1Cl,-0.142667503569,<rdkit.Chem.rdchem.Mol object at 0x7f47292f49e0>,O=S(=O)(Nc1cscn1)c1ccc(Oc2ccccc2-c2cn[nH]c2)cc1
Fc1ccc(-c2ccc3c(c2)[nH]c2ccncc23)cn1,0.640978057358,<rdkit.Chem.rdchem.Mol object at 0x7f47292f4900>,c1cncc(-c2ccc3c(c2)[nH]c2ccncc23)c1
N=C(N)NC(=O)c1nc(Cl)c(N)nc1N,1.83651399889,<rdkit.Chem.rdchem.Mol object at 0x7f47292f4890>,c1cnccn1
Cc1ccc(-c2ccc3c(ccc4sc5c(c43)NC[C@@H](C)NC5=O)n2)cn1,0.0569048513365,<rdkit.Chem.rdchem.Mol object at 0x7f47292f4820>,O=C1NCCNc2c1sc1ccc3nc(-c4cccnc4)ccc3c21
Cc1c(C(=O)NCCCN(C)C)sc2ncnc(Nc3ccc(F)cc3OC(C)C)c12,0.966376423089,<rdkit.Chem.rdchem.Mol object at 0x7f47292f45f0>,c1ccc(Nc2ncnc3sccc23)cc1
O=C(CC(c1ccccc1)c1ccccc1)N1CCN(C(c2ccccc2)c2ccccc2)CC1,1.69897000434,<rdkit.Chem.rdchem.Mol object at 0x7f47292f4510>,O=C(CC(c1ccccc1)c1ccccc1)N1CCN(C(c2ccccc2)c2ccccc2)CC1
COc1nc(Br)cnc1NS(=O)(=O)c1ccc(Cl)s1,-0.698970004336,<rdkit.Chem.rdchem.Mol object at 0x7f47292f43c0>,O=S(=O)(Nc1cnccn1)c1cccs1
O=C(NC1CC1)c1cn(-c2cccc(C#Cc3cccnc3)c2)c2ncccc2c1=O,-0.0861861476163,<rdkit.Chem.rdchem.Mol object at 0x7f47292f4350>,O=C(NC1CC1)c1cn(-c2cccc(C#Cc3cccnc3)c2)c2ncccc2c1=O
Cc1ccc(S(=O)(=O)Nc2c(C(=O)NC3CCCCC3)c(C)nn2-c2ccccc2)cc1,0.330413773349,<rdkit.Chem.rdchem.Mol object at 0x7f47292f4270>,O=C(NC1CCCCC1)c1cnn(-c2ccccc2)c1NS(=O)(=O)c1ccccc1
CC(C)(C)C(NC(=O)c1ccccc1)C(=O)c1ccc(Cl)cc1,-0.0915149811214,<rdkit.Chem.rdchem.Mol object at 0x7f47292f4120>,O=C(CNC(=O)c1ccccc1)c1ccccc1
Cc1ccc(S(=O)(=O)Nc2c(C(=O)N[C@@H](C)C(C)(C)C)c(C)nn2CC(F)(F)F)cc1,0.43775056282,<rdkit.Chem.rdchem.Mol object at 0x7f47292f40b0>,O=S(=O)(Nc1ccn[nH]1)c1ccccc1
Oc1ccc2cc(CNCCc3ccc(Br)cc3)c(-c3ccsc3)nc2c1,-0.52287874528,<rdkit.Chem.rdchem.Mol object at 0x7f47292f3ed0>,c1ccc(CCNCc2cc3ccccc3nc2-c2ccsc2)cc1
Cc1ccc(S(=O)(=O)Nc2c(C(=O)N[C@H](C)C(C)(C)C)c(C)nn2-c2ccccc2)cc1,0.5728716022,<rdkit.Chem.rdchem.Mol object at 0x7f47292f3df0>,O=S(=O)(Nc1ccnn1-c1ccccc1)c1ccccc1
Cc1ncsc1C(=O)N(Cc1cc(=O)[nH]c2c(F)cccc12)c1cccc(Cl)c1,0.922206277439,<rdkit.Chem.rdchem.Mol object at 0x7f47292f3d10>,O=C(c1cncs1)N(Cc1cc(=O)[nH]c2ccccc12)c1ccccc1
COc1cnc(-c2cccc(F)c2C(F)(F)CNC(=O)c2ccc(COCC(F)(F)F)nc2)cn1,0.65991620007,<rdkit.Chem.rdchem.Mol object at 0x7f47292f3ca0>,O=C(NCCc1ccccc1-c1cnccn1)c1cccnc1
CC(C)(Cc1cccc(CC(=O)NCc2cccc(-c3ccc(O)cc3)c2)c1)NC[C@H](O)c1ccc(O)c(NS(C)(=O)=O)c1,0.912753303671,<rdkit.Chem.rdchem.Mol object at 0x7f47292f3c30>,O=C(Cc1cccc(CCNCCc2ccccc2)c1)NCc1cccc(-c2ccccc2)c1
CC(=O)Nc1ncc(CN2CCCCC2C)s1,1.92310925242,<rdkit.Chem.rdchem.Mol object at 0x7f47292f3ae0>,c1ncc(CN2CCCCC2)s1
c1ccc2[nH]c(CCc3nc4ccccc4[nH]3)nc2c1,1.30276370847,<rdkit.Chem.rdchem.Mol object at 0x7f47292f3a70>,c1ccc2[nH]c(CCc3nc4ccccc4[nH]3)nc2c1
COc1ccccc1-c1csc(-n2ncc(C#N)c2N)n1,1.72329144648,<rdkit.Chem.rdchem.Mol object at 0x7f47292f3990>,c1ccc(-c2csc(-n3cccn3)n2)cc1
O=C1NCCSc2c1sc1ccc(O)cc21,1.16467994075,<rdkit.Chem.rdchem.Mol object at 0x7f47292f3920>,O=C1NCCSc2c1sc1ccccc21
Cc1nc2n(c(=O)c1CCN1CCC(c3noc4cc(F)ccc34)CC1)CCCC2,0.735598899698,<rdkit.Chem.rdchem.Mol object at 0x7f47292f38b0>,O=c1c(CCN2CCC(c3noc4ccccc34)CC2)cnc2n1CCCC2
O=C(NCCc1ccc(Cl)cc1)c1cccnc1,0.931457870689,<rdkit.Chem.rdchem.Mol object at 0x7f47292f37d0>,O=C(NCCc1ccccc1)c1cccnc1
CC(C)c1nc2ccccc2n1-c1nc(N2CCOCC2)c2nc(OC3CN(C4CCS(=O)(=O)CC4)C3)n(C)c2n1,1.34222522936,<rdkit.Chem.rdchem.Mol object at 0x7f47292f3760>,O=S1(=O)CCC(N2CC(Oc3nc4c(N5CCOCC5)nc(-n5cnc6ccccc65)nc4[nH]3)C2)CC1
O=C(Nc1ccccc1F)NC1N=C(c2ccccc2)c2ccccc2NC1=O,0.43775056282,<rdkit.Chem.rdchem.Mol object at 0x7f47292f36f0>,O=C(Nc1ccccc1)NC1N=C(c2ccccc2)c2ccccc2NC1=O
CCN(CC)CCNC(=O)c1ccc(NS(C)(=O)=O)cc1,1.95380799767,<rdkit.Chem.rdchem.Mol object at 0x7f47292f3680>,c1ccccc1
CNC(=O)c1ccc(Oc2ccc3c(c2)CCN(C2CCC2)CC3)nc1,1.71850168887,<rdkit.Chem.rdchem.Mol object at 0x7f47292f3610>,c1ccc(Oc2ccc3c(c2)CCN(C2CCC2)CC3)nc1
CC(C)(C)OC(=O)N1CCC(OCc2nc(-c3ccncc3)no2)CC1,0.876217840592,<rdkit.Chem.rdchem.Mol object at 0x7f47292f3530>,c1cc(-c2noc(COC3CCNCC3)n2)ccn1
NC(=O)c1cncc(-c2ccc([C@H]3CC[C@H](CC(=O)O)CC3)cc2)n1,-0.200659450546,<rdkit.Chem.rdchem.Mol object at 0x7f47292f3370>,c1cnc(-c2ccc(C3CCCCC3)cc2)cn1
COCC(=O)N1CCC(Cc2ccccc2-c2cccc(F)c2)(C(=O)NC(C)C)CC1,1.0769679522,<rdkit.Chem.rdchem.Mol object at 0x7f47292f3220>,c1ccc(-c2ccccc2CC2CCNCC2)cc1
Cc1ccc(S(=O)(=O)Nc2c(C(=O)NC(C)C(C)(C)C)c(C)nn2-c2ccccc2)cc1,0.65991620007,<rdkit.Chem.rdchem.Mol object at 0x7f47292f31b0>,O=S(=O)(Nc1ccnn1-c1ccccc1)c1ccccc1
Cc1ccc(S(=O)(=O)Nc2c(C(=O)NCC(C)(C)C)c(C)nn2-c2ccccc2)cc1,0.525044807037,<rdkit.Chem.rdchem.Mol object at 0x7f47292f30d0>,O=S(=O)(Nc1ccnn1-c1ccccc1)c1ccccc1
CC(C)NCC(O)COc1cccc2[nH]ccc12,1.76752689941,<rdkit.Chem.rdchem.Mol object at 0x7f47292f3060>,c1ccc2[nH]ccc2c1
CC#CC(=O)N1CC[C@@H](n2c(=O)n(-c3ccc(Oc4ccccc4)cc3)c3c(N)ncnc32)C1,0.669595781024,<rdkit.Chem.rdchem.Mol object at 0x7f47292f2ff0>,O=c1n(-c2ccc(Oc3ccccc3)cc2)c2cncnc2n1C1CCNC1
